feature,source_group,measurement_type,scored_by,weight_in_dimension,points_at_maximum,transform,engineered,missing_pct_raw,min,max,mean,sd,prevalence_pct,corr_with_score
a75_bookmark,Accessibility,binary flag,--,,0.0,"present on 1.0% of sites; a browser feature, not a page property",0,0.0,0.0,1.0,0.01,0.099,1.0,0.067
a25_event_images,Events & media,binary flag,--,,0.0,"media richness; presence is measurable, quality is not",0,0.0,0.0,1.0,0.718,0.45,71.8,0.192
a26_event_captions,Events & media,binary flag,--,,0.0,"media richness; presence is measurable, quality is not",0,0.0,0.0,1.0,0.655,0.476,65.5,0.211
a28_contests,Events & media,binary flag,--,,0.0,engagement signal; serves no applicant information need,0,0.0,0.0,1.0,0.405,0.491,40.5,0.289
a29_video_content,Events & media,binary flag,--,,0.0,"media richness; presence is measurable, quality is not",0,0.0,0.0,1.0,0.367,0.482,36.7,0.036
a30_image_gallery,Events & media,binary flag,--,,0.0,"media richness; presence is measurable, quality is not",0,0.0,0.0,1.0,0.971,0.169,97.1,0.17
a31_social_feed_embed,Events & media,binary flag,--,,0.0,media richness; present on 5.6% of sites,0,0.0,0.0,1.0,0.056,0.231,5.6,0.012
a53_contrast_ratio_was_missing,Measurement quality,indicator (0/1),--,,0.0,"measurement metadata, not a property of the website",1,,0.0,1.0,0.001,0.029,0.1,-0.087
a72_alt_text_pct_was_missing,Measurement quality,indicator (0/1),--,,0.0,"measurement metadata, not a property of the website",1,,0.0,1.0,0.003,0.057,0.3,-0.067
notice_recency_days_was_missing,Measurement quality,indicator (0/1),--,,0.0,"measurement metadata, not a property of the website",1,,0.0,1.0,0.382,0.486,38.2,-0.305
a07_qs_badge,Rankings & recognition,binary flag,--,,0.0,prestige display; excluded to prevent prestige leakage,0,0.0,0.0,1.0,0.095,0.293,9.5,0.071
a09_national_rank,Rankings & recognition,binary flag,--,,0.0,prestige display; excluded to prevent prestige leakage,0,0.0,0.0,1.0,0.471,0.499,47.1,0.267
a12_accred_count,Rankings & recognition,count,--,,0.0,count depth of a badge already scored by presence,0,0.0,0.0,4.0,0.308,0.52,,0.188
a14_stats_block,Rankings & recognition,binary flag,--,,0.0,marketing block; serves no applicant information need,0,0.0,0.0,1.0,0.509,0.5,50.9,0.134
a15_stat_item_count,Rankings & recognition,count,--,,0.0,count depth of a marketing block,0,0.0,0.0,10.0,3.421,3.893,,0.124
a59_feedback_form,Service & interaction,binary flag,--,,0.0,present on 1.9% of sites; too rare to carry weight,0,0.0,0.0,1.0,0.019,0.136,1.9,-0.002
a61_testimonials,Service & interaction,binary flag,--,,0.0,marketing; serves no applicant information need,0,0.0,0.0,1.0,0.144,0.351,14.4,0.213
broken_links_log,Technical performance,log1p count,--,,0.0,"redundant transform of a66, which is scored",1,,0.0,7.03,0.212,0.541,,-0.064
a54_banner_carousel,Visual design,binary flag,--,,0.0,visual presentation the dataset cannot assess for quality,0,0.0,0.0,1.0,0.938,0.241,93.8,0.167
a57_logo_prominence,Visual design,binary flag,--,,0.0,visual presentation the dataset cannot assess for quality,0,0.0,0.0,1.0,0.653,0.476,65.3,0.151
a34_department_links,Page content,binary flag,D1,0.25,7.0,identity (0/1),0,0.0,0.0,1.0,0.737,0.44,73.7,0.621
a35_faculty_link,Page content,binary flag,D1,0.15,4.2,identity (0/1),0,0.0,0.0,1.0,0.824,0.381,82.4,0.637
a36_research_highlight,Page content,binary flag,D1,0.1,2.8,identity (0/1),0,0.0,0.0,1.0,0.882,0.323,88.2,0.647
a37_programs_listing,Page content,binary flag,D1,0.3,8.4,identity (0/1),0,0.0,0.0,1.0,0.855,0.353,85.5,0.677
a39_library_link,Page content,binary flag,D1,0.12,3.36,identity (0/1),0,0.0,0.0,1.0,0.715,0.452,71.5,0.617
a40_career_link,Page content,binary flag,D1,0.08,2.24,identity (0/1),0,0.0,0.0,1.0,0.578,0.494,57.8,0.51
a22_admission_notice,Notices & updates,binary flag,D2,0.2,4.4,identity (0/1),0,0.0,0.0,1.0,0.797,0.403,79.7,0.609
a38_scholarship,Page content,binary flag,D2,0.18,3.96,identity (0/1),0,0.0,0.0,1.0,0.595,0.491,59.5,0.536
a42_faq_link,Page content,binary flag,D2,0.06,1.32,identity (0/1),0,0.0,0.0,1.0,0.536,0.499,53.6,0.439
a43_contact_link,Page content,binary flag,D2,0.15,3.3,identity (0/1),0,0.0,0.0,1.0,0.837,0.37,83.7,0.473
a45_prospectus,Page content,binary flag,D2,0.12,2.64,identity (0/1),0,0.0,0.0,1.0,0.118,0.323,11.8,0.196
a46_admissions_policy,Page content,binary flag,D2,0.26,5.72,identity (0/1),0,0.0,0.0,1.0,0.155,0.362,15.5,0.302
a58_live_chat,Service & interaction,binary flag,D2,0.03,0.66,identity (0/1),0,0.0,0.0,1.0,0.131,0.338,13.1,0.102
a23_upcoming_events,Events & media,binary flag,D3,0.04,0.6,identity (0/1),0,0.0,0.0,1.0,0.683,0.465,68.3,0.536
a24_event_count,Events & media,count,D3,0.2,3.0,"event_curve, 4-step x datetime factor",0,0.0,0.0,20.0,3.976,5.922,,0.188
a27_event_datetime,Events & media,binary flag,D3,0.0,0.0,"modifier: x1.0 if events are dated, x0.6 if not",0,0.0,0.0,1.0,0.387,0.487,38.7,0.161
a49_copyright_line,Footer,binary flag,D3,0.02,0.3,identity (0/1),0,0.0,0.0,1.0,0.783,0.412,78.3,0.188
a16_notice_board,Notices & updates,binary flag,D3,0.08,1.2,identity (0/1),0,0.0,0.0,1.0,0.433,0.496,43.3,0.34
a17_notice_timestamp,Notices & updates,binary flag,D3,0.06,0.9,identity (0/1),0,0.0,0.0,1.0,0.629,0.483,62.9,0.298
a20_news_events,Notices & updates,binary flag,D3,0.16,2.4,identity (0/1),0,0.0,0.0,1.0,0.861,0.346,86.1,0.632
a21_calendar_link,Notices & updates,binary flag,D3,0.12,1.8,identity (0/1),0,0.0,0.0,1.0,0.552,0.498,55.2,0.303
notice_recency_days,Notices & updates,count,D3,0.32,4.8,"recency_curve, 6-step decay",1,,0.0,3650.0,1416.659,1759.187,,-0.309
a48_footer_sitemap,Footer,binary flag,D4,0.1,1.5,identity (0/1),0,0.0,0.0,1.0,0.197,0.398,19.7,0.147
a51_quick_links,Footer,binary flag,D4,0.1,1.5,identity (0/1),0,0.0,0.0,1.0,0.7,0.458,70.0,0.323
a02_primary_nav,Header & navigation,binary flag,D4,0.25,3.75,identity (0/1); also triggers the 45-point gate,0,0.0,0.0,1.0,0.851,0.356,85.1,0.539
a03_nav_item_count,Header & navigation,count,D4,0.25,3.75,"nav_breadth_curve, inverted U",0,0.0,0.0,20.0,5.144,4.127,,0.271
a04_search_bar,Header & navigation,binary flag,D4,0.2,3.0,identity (0/1),0,0.0,0.0,1.0,0.795,0.404,79.5,0.231
a06_breadcrumb,Header & navigation,binary flag,D4,0.1,1.5,identity (0/1),0,0.0,0.0,1.0,0.092,0.289,9.2,0.089
a72_alt_text_pct,Accessibility,percentage 0-100,D5,0.18,1.8,sqrt of 0-100 rescale (concave),0,0.33,0.0,100.0,62.044,33.912,,0.225
a73_accessible_design,Accessibility,binary flag,D5,0.1,1.0,identity (0/1),0,0.0,0.0,1.0,0.932,0.251,93.2,0.277
a74_a11y_toggle,Accessibility,binary flag,D5,0.08,0.8,identity (0/1),0,0.0,0.0,1.0,0.438,0.496,43.8,0.367
a05_language_toggle,Header & navigation,binary flag,D5,0.09,0.9,identity (0/1),0,0.0,0.0,1.0,0.386,0.487,38.6,0.096
a63_mobile_score,Technical performance,index 0-100,D5,0.32,3.2,linear rescale 0-100 -> 0-1,0,0.0,0.0,100.0,81.571,14.775,,0.258
a53_contrast_ratio,Visual design,ratio,D5,0.23,2.3,"contrast_curve, plateau at 7:1",0,0.08,1.0,21.0,14.409,5.406,,0.01
a69_title_meta,SEO & metadata,binary flag,D6,0.12,0.84,identity (0/1),0,0.0,0.0,1.0,0.654,0.476,65.4,0.157
a70_favicon,SEO & metadata,binary flag,D6,0.04,0.28,identity (0/1),0,0.0,0.0,1.0,0.903,0.296,90.3,0.115
a71_sitemap_robots,SEO & metadata,binary flag,D6,0.07,0.49,identity (0/1),0,0.0,0.0,1.0,0.586,0.493,58.6,0.093
a65_https,Technical performance,binary flag,D6,0.26,1.82,identity (0/1); also triggers the 60-point gate,0,0.0,0.0,1.0,0.989,0.106,98.9,0.108
a66_broken_links,Technical performance,count,D6,0.24,1.68,"broken_curve, 5-step penalty",0,0.0,0.0,1129.0,1.5,32.369,,-0.03
a67_gzip,Technical performance,binary flag,D6,0.07,0.49,identity (0/1),0,0.0,0.0,1.0,0.817,0.387,81.7,0.097
load_time_z_region,Technical performance,z-score (within region),D6,0.2,1.4,"within-region percentile, inverted",1,,-1.875,5.329,-0.0,0.998,,-0.079
a47_footer_contact,Footer,binary flag,D7,0.14,0.42,identity (0/1),0,0.0,0.0,1.0,0.55,0.498,55.0,0.192
a50_social_links,Footer,binary flag,D7,0.04,0.12,identity (0/1),0,0.0,0.0,1.0,0.913,0.282,91.3,0.216
a01_logo,Header & navigation,binary flag,D7,0.06,0.18,identity (0/1),0,0.0,0.0,1.0,0.915,0.279,91.5,-0.01
a32_vision_mission,Page content,binary flag,D7,0.2,0.6,identity (0/1),0,0.0,0.0,1.0,0.8,0.4,80.0,0.453
a33_about_blurb,Page content,binary flag,D7,0.14,0.42,identity (0/1),0,0.0,0.0,1.0,0.838,0.369,83.8,0.609
a41_alumni_link,Page content,binary flag,D7,0.1,0.3,identity (0/1),0,0.0,0.0,1.0,0.754,0.431,75.4,0.527
a44_student_portal,Page content,binary flag,D7,0.11,0.33,identity (0/1),0,0.0,0.0,1.0,0.393,0.489,39.3,0.204
a11_accreditation,Rankings & recognition,binary flag,D7,0.11,0.33,identity (0/1),0,0.0,0.0,1.0,0.325,0.469,32.5,0.211
a13_achievements,Rankings & recognition,binary flag,D7,0.08,0.24,identity (0/1),0,0.0,0.0,1.0,0.606,0.489,60.6,0.406
a60_trust_seal,Service & interaction,binary flag,D7,0.02,0.06,identity (0/1),0,0.0,0.0,1.0,0.177,0.382,17.7,0.19
