pair_id,left_sid,right_sid,pair_type,repeat_of,batch,trackA_gap
P0001,S-2709,S-8561,close,,1,1.790246836862977
P0002,S-2239,S-7797,random,,1,55.982989435721976
P0003,S-9286,S-3144,random,,1,19.675545978207396
P0004,S-3397,S-4118,close,,1,2.4854037435062395
P0005,S-1222,S-3123,close,,1,1.9268232428357521
P0006,S-4796,S-5482,random,,1,20.811352762009903
P0007,S-7005,S-9869,random,,1,0.7503582111934293
P0008,S-6852,S-2042,random,,1,1.9681579899754809
P0009,S-2239,S-6757,random,,1,36.82806649747706
P0010,S-1448,S-4371,random,,1,6.5901901799567355
P0011,S-2756,S-7117,random,,1,33.0541324164568
P0012,S-7729,S-1306,random,,1,6.44268660166987
P0013,S-4138,S-2756,random,,1,7.721059401191724
P0014,S-4969,S-4368,random,,1,0.5446010422773142
P0015,S-4969,S-6563,random,,1,18.26611746163025
P0016,S-2849,S-2216,close,,1,4.236590111765182
P0017,S-7811,S-6515,close,,1,0.05327827451095857
P0018,S-6515,S-2709,close,,1,2.836313329159182
P0019,S-3835,S-9630,random,,1,1.088585293114619
P0020,S-3559,S-4220,close,,1,4.5574889760456045
P0021,S-6335,S-1306,close,,1,2.60939381442045
P0022,S-4138,S-6237,random,,1,7.851060070912581
P0023,S-4118,S-9869,close,,1,4.61921552373677
P0024,S-1658,S-2909,random,,1,8.735625126260004
P0025,S-9341,S-8409,close,,1,2.2667101042911924
P0026,S-9748,S-7915,close,,2,1.6839219238487289
P0027,S-3822,S-6190,random,,2,44.52187930134989
P0028,S-8980,S-4893,random,,2,9.293503533813492
P0029,S-9731,S-5792,close,,2,3.923972756979694
P0030,S-9980,S-4796,random,,2,20.811352762009903
P0031,S-9118,S-7729,random,,2,6.722915745771111
P0032,S-2483,S-4341,random,,2,0.5603322724697861
P0033,S-9176,S-6670,random,,2,18.51051725587046
P0034,S-6515,S-2192,random,,2,43.84473747615445
P0035,S-3324,S-7629,random,,2,27.33177645719806
P0036,S-4047,S-8055,random,,2,44.591575923327724
P0037,S-7117,S-4683,random,,2,32.8517977855417
P0038,S-8822,S-1429,random,,2,39.47143436687388
P0039,S-1011,S-7915,close,,2,1.0078039310543687
P0040,S-1057,S-1572,random,,2,0.0
P0041,S-7574,S-3923,random,,2,27.647562406014572
P0042,S-4893,S-4969,random,,2,6.905670328578019
P0043,S-7982,S-2766,random,,2,12.283723533734502
P0044,S-2311,S-8822,close,,2,2.22916915007589
P0045,S-4965,S-2431,random,,2,24.704171980682503
P0046,S-9176,S-7301,random,,2,13.36920206868583
P0047,S-4078,S-1459,close,,2,3.0069621018291173
P0048,S-3923,S-7811,close,,2,0.8524484054147763
P0049,S-4519,S-9134,close,,2,4.434219005521413
P0050,S-8409,S-6747,random,,2,3.7486635960860895
P0051,S-6852,S-9134,close,,3,2.8127183780540292
P0052,S-9340,S-2797,random,,3,34.114948879154426
P0053,S-2772,S-9472,random,,3,33.04305627753998
P0054,S-4220,S-2722,close,,3,0.7999738266299801
P0055,S-4588,S-9380,close,,3,1.2813560529099988
P0056,S-1011,S-8025,close,,3,1.0856234560560267
P0057,S-9619,S-5792,random,,3,2.8700636068494134
P0058,S-9980,S-1557,random,,3,39.22188350940526
P0059,S-2756,S-6763,random,,3,9.750189010195584
P0060,S-6836,S-3692,random,,3,3.0443876128047833
P0061,S-3397,S-9731,random,,3,0.5580696809807222
P0062,S-3181,S-2709,random,,3,8.555170506104275
P0063,S-7319,S-3258,close,,3,2.1831252510679917
P0064,S-2311,S-4796,random,,3,11.237819689134326
P0065,S-9177,S-7319,random,,3,39.59744566973153
P0066,S-7935,S-5718,close,,3,3.7988754110959064
P0067,S-1572,S-7017,close,,3,0.0
P0068,S-3528,S-2797,random,,3,7.9012470560868024
P0069,S-4118,S-3258,random,,3,2.3872372986335932
P0070,S-9869,S-3835,close,,3,2.1484739079498354
P0071,S-4588,S-2797,close,,3,0.17647294475152364
P0072,S-9869,S-6614,random,,3,6.715325825875084
P0073,S-9176,S-3692,close,,3,4.542068045147168
P0074,S-3324,S-9286,random,,3,31.800758532931333
P0075,S-6022,S-7365,random,,3,43.64085695263103
P0076,S-6829,S-9006,random,,4,18.05979037022668
P0077,S-4683,S-4166,close,,4,0.23816498095405336
P0078,S-9748,S-1122,random,,4,9.530270377068263
P0079,S-4269,S-9472,random,,4,35.398511646279175
P0080,S-9177,S-7586,random,,4,33.149955506756015
P0081,S-6563,S-2797,close,,4,0.389375595721944
P0082,S-4796,S-6763,random,,4,8.57602700729305
P0083,S-5238,S-5792,close,,4,2.352265949182538
P0084,S-2766,S-8528,random,,4,31.04981598159135
P0085,S-2691,S-7699,random,,4,38.50007159752578
P0086,S-3006,S-6335,random,,4,16.310698705594334
P0087,S-7034,S-2122,random,,4,14.80834160833485
P0088,S-5718,S-4078,close,,4,2.671845672178435
P0089,S-1048,S-5718,close,,4,0.8769831096042822
P0090,S-2797,S-2911,random,,4,62.72533345951558
P0091,S-3258,S-6784,random,,4,24.51613974414559
P0092,S-7301,S-9267,random,,4,25.37157028998827
P0093,S-7586,S-4166,close,,4,1.4642563124976107
P0094,S-6836,S-5762,random,,4,14.866882501028215
P0095,S-8055,S-5883,close,,4,2.045011569695987
P0096,S-1009,S-9562,close,,4,4.235562827705415
P0097,S-7811,S-8561,random,,4,0.9927882177852467
P0098,S-4893,S-4048,random,,4,58.19258488490276
P0099,S-9267,S-9824,close,,4,4.8438190975314654
P0100,S-6060,S-4969,close,,4,2.424532215949725
P0101,S-1362,S-6126,close,,5,0.010116100238981574
P0102,S-7911,S-9001,random,,5,23.262398838762493
P0103,S-2691,S-9134,random,,5,34.731218526968114
P0104,S-5718,S-9340,random,,5,23.85994929648153
P0105,S-2797,S-8980,close,,5,1.6775680035167966
P0106,S-3324,S-3559,close,,5,1.180502143571644
P0107,S-1935,S-9177,random,,5,12.489008047020192
P0108,S-4768,S-9824,random,,5,20.527751192456805
P0109,S-7915,S-8409,close,,5,0.19898380126710435
P0110,S-6763,S-4220,close,,5,1.3213835203690678
P0111,S-4078,S-9176,random,,5,13.162592899974136
P0112,S-9630,S-5818,close,,5,2.8630162729975694
P0113,S-3894,S-6763,random,,5,20.13080316102603
P0114,S-6829,S-2122,random,,5,14.48445656346135
P0115,S-6763,S-2732,close,,5,4.876302980920457
P0116,S-4969,S-1362,random,,5,28.52725033597369
P0117,S-2122,S-7797,close,,5,3.09119455731674
P0118,S-4368,S-7729,close,,5,3.361183437320321
P0119,S-6266,S-3155,random,,5,43.54696595247897
P0120,S-2849,S-9980,random,,5,28.78148000034696
P0121,S-2958,S-7811,close,,5,1.0208317132251636
P0122,S-4220,S-1459,close,,5,1.1700062191829375
P0123,S-9869,S-8301,random,,5,11.38068604539265
P0124,S-6829,S-2958,random,,5,17.326894361214073
P0125,S-1572,S-4588,random,,5,33.9384759344029
P0126,S-8561,S-3923,close,,6,0.14033981237047044
P0127,S-7365,S-2958,close,,6,4.299300620150589
P0128,S-8561,S-5818,close,,6,4.720525143777991
P0129,S-4371,S-1222,random,,6,5.309120453299059
P0130,S-3923,S-3528,random,,6,1.4338605829469486
P0131,S-1222,S-3724,random,,6,13.696102464824136
P0132,S-7629,S-4047,random,,6,16.40409619151139
P0133,S-6051,S-6074,close,,6,1.2145818393918546
P0134,S-8561,S-9896,close,,6,3.6227243528337993
P0135,S-6570,S-2909,random,,6,3.1324792154702124
P0136,S-2709,S-2311,close,,6,2.4710233958962107
P0137,S-8561,S-5883,close,,6,1.6454340562646905
P0138,S-4810,S-3105,random,,6,6.382961129970681
P0139,S-5398,S-6051,random,,6,9.370846785345378
P0140,S-4683,S-4588,random,,6,14.503619806210637
P0141,S-6832,S-3026,random,,6,2.340835222657809
P0142,S-7797,S-9134,close,,6,4.291222792259731
P0143,S-3258,S-2766,random,,6,10.205476657819503
P0144,S-4166,S-7301,random,,6,19.196691147238212
P0145,S-7574,S-3771,random,,6,3.5291973516819013
P0146,S-3822,S-9829,random,,6,30.4226333333172
P0147,S-8025,S-6051,random,,6,1.135885326291202
P0148,S-1658,S-3559,close,,6,0.8132192318780085
P0149,S-4625,S-9596,random,,6,8.547674918357032
P0150,S-9896,S-2709,close,,6,1.8324775159708224
P0151,S-4579,S-2483,random,,7,12.534985314117947
P0152,S-7915,S-5762,random,,7,27.295859197058704
P0153,S-7319,S-9748,close,,7,1.8713434981960972
P0154,S-9731,S-1306,random,,7,15.53857884162857
P0155,S-8980,S-6763,random,,7,3.050001106334676
P0156,S-3324,S-4371,close,,7,1.1846277314435127
P0157,S-9380,S-3559,random,,7,9.068557673686485
P0158,S-4767,S-9286,random,,7,13.313467630103695
P0159,S-9896,S-4810,close,,7,0.30730514142396714
P0160,S-4138,S-4269,random,,7,41.19375731964115
P0161,S-8822,S-9896,close,,7,1.5906232701505019
P0162,S-2849,S-4810,close,,7,2.936451712295849
P0163,S-4796,S-7811,random,,7,5.983761238589892
P0164,S-9731,S-2797,close,,7,4.875065146351972
P0165,S-6747,S-7448,random,,7,12.92909518197932
P0166,S-4893,S-2042,close,,7,4.151274028724401
P0167,S-2216,S-8301,random,,7,9.529130303351039
P0168,S-8528,S-9340,close,,7,4.080973047871495
P0169,S-5396,S-1362,random,,7,22.081444108927805
P0170,S-8822,S-9559,close,,7,2.9399538044396536
P0171,S-9559,S-4726,random,,7,16.01129104506311
P0172,S-5792,S-9829,random,,7,18.407506252024362
P0173,S-7005,S-9630,random,,7,2.486700989871025
P0174,S-2273,S-1658,close,,7,4.98823651112734
P0175,S-4166,S-2732,random,,7,5.314385641144284
P0176,S-3258,S-9748,close,,8,4.054468749264089
P0177,S-9340,S-4969,random,,8,16.238207013246118
P0178,S-4639,S-9619,random,,8,36.03392009663156
P0179,S-4683,S-7005,close,,8,4.0088362295413305
P0180,S-3724,S-7935,random,,8,2.3009071711561546
P0181,S-3155,S-6237,close,,8,1.8242983965093345
P0182,S-2732,S-4078,close,,8,2.02071818027747
P0183,S-1048,S-4368,random,,8,7.954124350562381
P0184,S-3894,S-2732,random,,8,15.254500180105573
P0185,S-8271,S-9656,random,,8,6.382019746753315
P0186,S-4519,S-9472,close,,8,2.2237438113292853
P0187,S-4726,S-4368,close,,8,0.034141995078549314
P0188,S-7034,S-7448,random,,8,26.112140673947444
P0189,S-3324,S-2722,random,,8,2.5770130058439804
P0190,S-3419,S-3026,close,,8,1.4095753743963542
P0191,S-9596,S-1054,close,,8,0.0
P0192,S-7629,S-9562,random,,8,13.500858487317693
P0193,S-1953,S-2969,close,,8,3.0097062410560085
P0194,S-3309,S-7005,random,,8,18.200392678549797
P0195,S-2216,S-6237,random,,8,5.037699799195266
P0196,S-5242,S-5883,close,,8,4.103358689906017
P0197,S-6832,S-4726,close,,8,1.7704975942660326
P0198,S-4796,S-7365,close,,8,2.7052923316644666
P0199,S-7586,S-4368,close,,8,3.8781394042123907
P0200,S-9341,S-2909,random,,8,10.869953380264022
P0201,S-8822,S-8409,close,,9,2.7231279052767405
P0202,S-7051,S-4639,close,,9,1.2432928213570023
P0203,S-1054,S-4341,random,,9,4.911897853430261
P0204,S-6022,S-1280,random,,9,44.04925701725893
P0205,S-7365,S-2691,random,,9,34.47438393951324
P0206,S-4683,S-6482,close,,9,1.192578131516676
P0207,S-9559,S-3835,random,,9,7.918149051017991
P0208,S-3144,S-9288,random,,9,16.249351868699115
P0209,S-1097,S-4118,random,,9,50.25145510988162
P0210,S-7982,S-3504,close,,9,0.5223610419317595
P0211,S-5762,S-3555,random,,9,16.460790139965297
P0212,S-8980,S-4588,close,,9,1.501095058765273
P0213,S-5396,S-3006,random,,9,9.792400786200233
P0214,S-9288,S-2766,close,,9,3.674873258289608
P0215,S-6051,S-2722,close,,9,0.6163824474182604
P0216,S-2732,S-3504,close,,9,2.1863723345859114
P0217,S-9829,S-1009,close,,9,2.980071077265322
P0218,S-9118,S-3923,random,,9,14.22648665894193
P0219,S-6904,S-7586,random,,9,26.95438514295823
P0220,S-1658,S-3419,random,,9,15.736735676379737
P0221,S-7797,S-1048,random,,9,3.327770067303163
P0222,S-3324,S-6074,random,,9,4.407977292654095
P0223,S-3258,S-5797,random,,9,6.1281600631783775
P0224,S-8561,S-9663,random,,9,2.326402697165861
P0225,S-5242,S-7911,close,,9,1.2232893665481583
P0226,S-3771,S-1935,close,,10,3.5291973516819013
P0227,S-3155,S-2969,random,,10,24.341194726951855
P0228,S-4166,S-6852,close,,10,1.764070155837004
P0229,S-3309,S-9808,random,,10,19.068693555337543
P0230,S-6237,S-1009,close,,10,1.770768774363404
P0231,S-9829,S-8055,random,,10,13.431129494058553
P0232,S-7034,S-1557,random,,10,29.056717201667873
P0233,S-3724,S-8301,random,,10,16.313853477703347
P0234,S-4371,S-8055,random,,10,2.040331006061791
P0235,S-6563,S-8409,random,,10,7.4074490790847705
P0236,S-6406,S-6852,random,,10,6.263637153999468
P0237,S-4579,S-2216,random,,10,31.607645076799677
P0238,S-9340,S-6022,random,,10,20.124211858956663
P0239,S-9808,S-4893,random,,10,36.96927121797788
P0240,S-9709,S-4810,random,,10,17.39029885984091
P0241,S-9341,S-6060,random,,10,6.167426062304564
P0242,S-4166,S-3504,close,,10,3.1280133065583726
P0243,S-1658,S-5883,close,,10,0.8220253833840729
P0244,S-2958,S-6051,close,,10,2.709226196635342
P0245,S-2122,S-5398,random,,10,3.8191827909573135
P0246,S-3258,S-3324,close,,10,2.406464085554717
P0247,S-7319,S-9001,random,,10,27.108437622711335
P0248,S-9596,S-2239,random,,10,27.918286962333
P0249,S-6190,S-3006,random,,10,28.855596205790476
P0250,S-4118,S-2849,close,,10,1.4689303300700232
P0251,S-1459,S-4810,close,,11,2.1791746421537255
P0252,S-7005,S-7319,close,,11,3.6647452649777392
P0253,S-8909,S-4965,random,,11,8.004750645748317
P0254,S-7797,S-3397,close,,11,1.7332509403941998
P0255,S-3555,S-3920,random,,11,0.5583965730690608
P0256,S-9286,S-3123,random,,11,37.85207449762263
P0257,S-1448,S-7699,random,,11,7.9853742058891015
P0258,S-1306,S-1658,random,,11,13.263188654330541
P0259,S-3397,S-5762,random,,11,29.797953413783176
P0260,S-6670,S-2122,random,,11,6.9062114084840545
P0261,S-1048,S-3105,close,,11,0.5980381765863143
P0262,S-8561,S-7699,close,,11,0.24556946669812874
P0263,S-9340,S-5605,random,,11,37.77117452380952
P0264,S-9267,S-9748,random,,11,3.6082108309191625
P0265,S-5242,S-7117,random,,11,35.45605112956377
P0266,S-7729,S-6060,close,,11,1.4812522636479102
P0267,S-7911,S-6763,random,,11,6.12498093054046
P0268,S-8909,S-9286,close,,11,3.535768570015044
P0269,S-6836,S-1448,close,,11,4.690076044769597
P0270,S-6237,S-6836,random,,11,4.640307588358297
P0271,S-5473,S-9380,random,,11,11.994606179829134
P0272,S-9341,S-5242,close,,11,2.791055819286072
P0273,S-3419,S-4368,random,,11,5.555050186398745
P0274,S-8961,S-1054,random,,11,34.67836474784998
P0275,S-7982,S-4118,close,,11,4.4654841745485925
P0276,S-9630,S-3528,close,,12,0.2833084754630022
P0277,S-5473,S-2756,close,,12,3.5880350483763976
P0278,S-6237,S-4166,close,,12,0.31049894214829976
P0279,S-1057,S-7911,random,,12,23.262398838762493
P0280,S-6237,S-9829,close,,12,4.750839851628726
P0281,S-7319,S-8561,random,,12,0.6794645956737071
P0282,S-2756,S-2722,random,,12,10.271598703934671
P0283,S-4341,S-6266,random,,12,27.127375320013382
P0284,S-6670,S-8055,close,,12,3.692239592739952
P0285,S-4768,S-2797,random,,12,34.114948879154426
P0286,S-4048,S-4519,random,,12,54.38796821868645
P0287,S-8741,S-3419,close,,12,1.976782546574647
P0288,S-2969,S-3504,random,,12,25.334410694852593
P0289,S-9559,S-9001,random,,12,32.75995710550799
P0290,S-3920,S-7034,random,,12,5.73722725915885
P0291,S-3504,S-9808,random,,12,36.150098329950325
P0292,S-2483,S-5396,close,,12,4.320170660300185
P0293,S-7811,S-9731,random,,12,2.4447697322026585
P0294,S-4748,S-6126,random,,12,0.5139280927870118
P0295,S-3258,S-4726,random,,12,8.17664631119846
P0296,S-6757,S-7051,random,,12,10.153072356501063
P0297,S-5242,S-2772,random,,12,33.5191612628172
P0298,S-3920,S-2756,close,,12,3.7347971922111327
P0299,S-6852,S-5718,close,,12,2.899187993406315
P0300,S-3181,S-9177,random,,12,50.62232760837249
P0301,S-7797,S-7699,close,,13,0.5223697217020629
P0302,S-9829,S-4726,close,,13,1.9923158226870967
P0303,S-2756,S-2732,close,,13,4.873886029275127
P0304,S-3923,S-6515,close,,13,0.9057266799257349
P0305,S-3324,S-6832,random,,13,12.35360799101921
P0306,S-3771,S-2772,random,,13,15.009249142284766
P0307,S-4969,S-6406,random,,13,10.986191443828567
P0308,S-1011,S-2216,close,,13,3.758773239531294
P0309,S-4118,S-5792,random,,13,5.851306819505211
P0310,S-6670,S-6757,random,,13,22.96993978941223
P0311,S-5818,S-7982,random,,13,0.22031157887870734
P0312,S-1097,S-6190,random,,13,51.79450164539516
P0313,S-8301,S-9619,random,,13,1.9598999046987444
P0314,S-9748,S-6074,close,,13,2.7599726289447233
P0315,S-2534,S-5883,random,,13,12.058324295235181
P0316,S-7907,S-4371,random,,13,42.127131054431224
P0317,S-7117,S-9910,close,,13,4.179188588035494
P0318,S-9134,S-1362,random,,13,36.06252300385682
P0319,S-6190,S-2216,close,,13,4.310706317208698
P0320,S-3559,S-2122,close,,13,1.17776639755418
P0321,S-3604,S-9134,random,,13,13.595745970152805
P0322,S-6266,S-1097,random,,13,0.7234279730215611
P0323,S-4683,S-4078,random,,13,7.0969388404677005
P0324,S-1280,S-3528,random,,13,2.2886566647653552
P0325,S-2311,S-4588,close,,13,1.8893034832586721
P0326,S-3559,S-6614,random,,14,10.173265992961333
P0327,S-4969,S-6482,close,,14,2.0040709834294717
P0328,S-7797,S-9896,close,,14,3.345924097829865
P0329,S-4519,S-1280,random,,14,4.585784482694436
P0330,S-6829,S-6784,random,,14,10.079878725113133
P0331,S-2042,S-9898,random,,14,2.3213399791805642
P0332,S-5792,S-9748,close,,14,4.184075368874716
P0333,S-2273,S-1306,random,,14,8.274952143203201
P0334,S-4579,S-5238,random,,14,42.578877627182585
P0335,S-7319,S-7699,close,,14,0.43389512897557836
P0336,S-9380,S-6670,close,,14,3.34011266275661
P0337,S-9980,S-9340,close,,14,0.0
P0338,S-3692,S-7586,random,,14,2.7496773459028248
P0339,S-4625,S-1658,random,,14,35.51216846386146
P0340,S-9006,S-4726,random,,14,24.319405078060676
P0341,S-9656,S-2431,random,,14,0.9660777351903107
P0342,S-1935,S-4118,random,,14,27.312549670276937
P0343,S-1122,S-8980,random,,14,6.072670622338066
P0344,S-7982,S-1448,close,,14,3.290106949930532
P0345,S-3559,S-3155,close,,14,4.81978582773057
P0346,S-5242,S-4047,random,,14,38.44320566372572
P0347,S-6763,S-9267,close,,14,4.015809479314683
P0348,S-4588,S-3604,random,,14,3.4307497168791485
P0349,S-3559,S-4078,random,,14,0.3805206550335498
P0350,S-2534,S-9341,random,,14,10.746021424615236
P0351,S-4220,S-8961,close,,15,3.969601458177962
P0352,S-2216,S-4078,random,,15,1.9869050800781878
P0353,S-6060,S-7915,random,,15,8.63311996786286
P0354,S-9896,S-8025,close,,15,2.0213399870497426
P0355,S-3920,S-8409,random,,15,11.194481828895363
P0356,S-7051,S-6570,random,,15,40.07589070859164
P0357,S-6406,S-7797,close,,15,0.8403040163142919
P0358,S-2431,S-3559,close,,15,1.4471023329439134
P0359,S-7586,S-6060,close,,15,1.99820823053998
P0360,S-5473,S-4341,random,,15,18.313327954053506
P0361,S-7699,S-9896,close,,15,3.868293819531928
P0362,S-6126,S-4047,random,,15,4.104936768544835
P0363,S-6190,S-9341,random,,15,4.0254309142900695
P0364,S-3692,S-9898,random,,15,3.4026731784473014
P0365,S-3835,S-4138,random,,15,2.516442105809091
P0366,S-1658,S-7811,close,,15,0.16937954490462914
P0367,S-9709,S-8025,random,,15,15.061653731367201
P0368,S-7729,S-7911,close,,15,3.1184073459187402
P0369,S-3528,S-7699,random,,15,1.3286309286192903
P0370,S-8505,S-1658,random,,15,28.186567864571984
P0371,S-9869,S-3559,close,,15,3.4579401670862495
P0372,S-4078,S-8822,close,,15,3.2882083324083737
P0373,S-9630,S-7811,close,,15,0.8647206529951745
P0374,S-8271,S-3692,close,,15,0.5551956150941209
P0375,S-1429,S-5705,random,,15,27.157000508308492
P0376,S-9562,S-6614,close,,16,2.47714983334739
P0377,S-7911,S-8025,random,,16,6.126887745406606
P0378,S-4965,S-6335,random,,16,16.310698705594334
P0379,S-4726,S-4138,random,,16,10.60958409985421
P0380,S-4118,S-9656,close,,16,3.5744554247847447
P0381,S-1280,S-5883,close,,16,2.2174230038180838
P0382,S-6515,S-8822,random,,16,3.0781675749795028
P0383,S-4519,S-6747,close,,16,4.008951124097678
P0384,S-1953,S-5605,random,,16,37.77117452380952
P0385,S-1009,S-6335,close,,16,1.4257226094287745
P0386,S-9859,S-7005,random,,16,42.06370946331807
P0387,S-3026,S-3920,close,,16,3.265060323375195
P0388,S-5705,S-4969,close,,16,1.2673624292568348
P0389,S-7699,S-6190,close,,16,1.3132634541035628
P0390,S-8741,S-4519,random,,16,10.088285353057792
P0391,S-7319,S-1011,random,,16,1.195225505401737
P0392,S-1097,S-2534,random,,16,37.02304930648985
P0393,S-6832,S-5797,random,,16,3.8189838422861158
P0394,S-7982,S-5718,random,,16,1.0128838007531868
P0395,S-2909,S-9559,random,,16,2.9401615662564353
P0396,S-4748,S-7319,random,,16,39.9215251384649
P0397,S-4625,S-4639,random,,16,8.547674918357032
P0398,S-9898,S-6482,random,,16,3.07166529560471
P0399,S-4519,S-8271,close,,16,1.983186176868955
P0400,S-2911,S-1054,random,,16,28.61038458036116
P0401,S-3528,S-3181,random,,17,11.919617738284671
P0402,S-2122,S-1011,random,,17,3.330155212040836
P0403,S-4368,S-9176,close,,17,3.4136059868376023
P0404,S-6763,S-6515,close,,17,2.645544043214116
P0405,S-4220,S-2239,random,,17,58.62705025200502
P0406,S-6747,S-2042,close,,17,4.3556084866057745
P0407,S-9286,S-4768,close,,17,4.4689820757332726
P0408,S-9542,S-1557,random,,17,16.66208442045
P0409,S-6060,S-6852,random,,17,2.2980220738793733
P0410,S-8961,S-7448,random,,17,1.5989422338348476
P0411,S-9288,S-6406,close,,17,4.231517314098554
P0412,S-2311,S-9001,random,,17,32.04917245114423
P0413,S-3920,S-7729,close,,17,4.2415979259475165
P0414,S-5482,S-3026,random,,17,12.637333243521041
P0415,S-6515,S-4810,random,,17,4.976095986553972
P0416,S-9288,S-2958,close,,17,3.639970057348279
P0417,S-5398,S-3258,close,,17,3.7709872465284207
P0418,S-1459,S-7017,random,,17,29.538757070489083
P0419,S-8909,S-4625,random,,17,0.5429242726087153
P0420,S-1429,S-4371,random,,17,35.79857979156009
P0421,S-5238,S-7729,random,,17,15.372130946120933
P0422,S-3559,S-3923,random,,17,1.4962880923881556
P0423,S-6670,S-7574,random,,17,31.87971932455629
P0424,S-1953,S-6570,random,,17,38.83259788723464
P0425,S-1935,S-9001,close,,17,0.0
P0426,S-7811,S-7365,close,,18,3.2784689069254256
P0427,S-2958,S-4118,close,,18,0.5033960435480225
P0428,S-9176,S-3894,close,,18,4.112625460408907
P0429,S-8561,S-3144,random,,18,12.58133831591092
P0430,S-4767,S-2732,random,,18,15.666591234012074
P0431,S-2969,S-1057,close,,18,3.0097062410560085
P0432,S-3894,S-2192,random,,18,26.359478358342532
P0433,S-4138,S-9896,close,,18,4.052376410919749
P0434,S-4965,S-1280,random,,18,23.925045158302268
P0435,S-2273,S-3123,random,,18,11.406835387512274
P0436,S-6335,S-5473,random,,18,6.914527101889433
P0437,S-1222,S-1057,random,,18,31.456269179053606
P0438,S-3504,S-3822,random,,18,37.990987549356
P0439,S-4519,S-7586,random,,18,1.3216867841279907
P0440,S-3559,S-2732,close,,18,1.64019752524392
P0441,S-1810,S-7935,random,,18,18.81384937912084
P0442,S-8271,S-2534,random,,18,3.2719306318537065
P0443,S-2122,S-2216,close,,18,0.4286180274904581
P0444,S-2273,S-7982,close,,18,0.8708084613512597
P0445,S-1429,S-3155,random,,18,30.982919551701386
P0446,S-7301,S-7051,close,,18,1.2432928213570023
P0447,S-4341,S-4048,random,,18,39.96060539650888
P0448,S-6852,S-6237,close,,18,1.4535712136887042
P0449,S-9663,S-6563,close,,18,4.3900195593254665
P0450,S-5482,S-9596,close,,18,0.0
P0451,S-4796,S-9267,close,,19,4.5602175279783665
P0452,S-8980,S-8271,random,,19,15.081306376898752
P0453,S-2483,S-6784,random,,19,5.063057498402294
P0454,S-4767,S-9288,random,,19,22.611430216802816
P0455,S-2311,S-2911,random,,19,60.659557031505386
P0456,S-7051,S-3555,random,,19,17.7040829613223
P0457,S-1057,S-3604,random,,19,37.36922565128205
P0458,S-7729,S-5818,close,,19,2.9233855817632985
P0459,S-4683,S-3504,close,,19,2.8898483256043193
P0460,S-3771,S-3822,random,,19,19.195480447241316
P0461,S-3324,S-1280,close,,19,3.4067312988957923
P0462,S-1953,S-6614,random,,19,15.978008320665083
P0463,S-1048,S-1280,close,,19,0.8118872477835453
P0464,S-8909,S-1011,random,,19,36.30841377386139
P0465,S-7915,S-6482,random,,19,9.053581200383114
P0466,S-9663,S-4118,close,,19,2.8017552452739665
P0467,S-8528,S-1953,random,,19,4.080973047871495
P0468,S-9808,S-6266,random,,19,8.390083590429377
P0469,S-1459,S-2766,random,,19,5.592031958973763
P0470,S-6563,S-9341,random,,19,9.674159183375963
P0471,S-5473,S-2273,close,,19,1.2489687731066823
P0472,S-4078,S-3324,close,,19,0.7999814885380943
P0473,S-5818,S-4519,close,,19,3.7281163989992194
P0474,S-3724,S-2722,random,,19,12.14862274881257
P0475,S-9472,S-7729,random,,19,1.4190129940933645
P0476,S-7911,S-5883,close,,20,2.8800693233578585
P0477,S-9748,S-6784,random,,20,28.57060849340968
P0478,S-9663,S-4166,random,,20,10.917613768312691
P0479,S-1122,S-1572,random,,20,38.510051497975695
P0480,S-3026,S-6829,close,,20,2.1482818909101553
P0481,S-9656,S-7448,random,,20,12.539212736192638
P0482,S-6482,S-2722,random,,20,11.666511466366451
P0483,S-9869,S-9006,random,,20,30.26407316415596
P0484,S-1572,S-8528,random,,20,4.080973047871495
P0485,S-1011,S-3555,random,,20,11.842872988147775
P0486,S-2431,S-3504,close,,20,2.379467526885918
P0487,S-3026,S-9896,random,,20,18.7732933276978
P0488,S-6852,S-2192,random,,20,38.06366305314083
P0489,S-3309,S-4269,random,,20,19.078806838525857
P0490,S-2273,S-6747,random,,20,1.3719547653284252
P0491,S-5398,S-2958,random,,20,6.661620588710036
P0492,S-3105,S-8055,close,,20,2.852509149144211
P0493,S-3105,S-1011,close,,20,2.9686925454409447
P0494,S-6829,S-6832,close,,20,4.489117113567964
P0495,S-5705,S-6515,random,,20,9.236266283585884
P0496,S-3105,S-7797,close,,20,2.729731890716849
P0497,S-4767,S-9709,random,,20,5.483147298431476
P0498,S-1810,S-3822,random,,20,54.54120636006588
P0499,S-6832,S-2273,random,,20,6.998088568198234
P0500,S-5705,S-2042,close,,20,1.4870338705967825
P0501,S-3123,S-3397,random,,21,3.5851390081061822
P0502,S-6406,S-6482,random,,21,8.982120460399095
P0503,S-6266,S-6670,random,,21,54.095196791139415
P0504,S-3144,S-9176,close,,21,1.837361833788293
P0505,S-9542,S-8409,random,,21,4.53707630683634
P0506,S-9134,S-4683,close,,21,4.33862355293698
P0507,S-2709,S-3258,close,,21,4.652836683604676
P0508,S-5396,S-1280,random,,21,14.132644372102035
P0509,S-5473,S-7699,close,,21,4.317106944203147
P0510,S-2709,S-4639,random,,21,29.57814905524802
P0511,S-4767,S-3419,close,,21,2.383272314754265
P0512,S-3309,S-6074,random,,21,26.496454070668356
P0513,S-5238,S-7574,random,,21,35.516122438964686
P0514,S-9808,S-2772,close,,21,2.345342085550879
P0515,S-1306,S-3555,close,,21,2.759485248791414
P0516,S-8961,S-8561,random,,21,6.890462529464941
P0517,S-9177,S-4519,random,,21,31.828268722628025
P0518,S-7982,S-9709,random,,21,8.519432642926446
P0519,S-7365,S-3835,close,,21,1.3251629608156321
P0520,S-9542,S-4810,random,,21,9.15813262368755
P0521,S-1459,S-3835,close,,21,4.696949015999081
P0522,S-7005,S-5818,close,,21,0.3763152831265444
P0523,S-6060,S-6335,close,,21,2.3520405236015094
P0524,S-9808,S-9380,random,,21,49.04522586346664
P0525,S-9286,S-7017,close,,21,4.4689820757332726
P0526,S-9910,S-4726,random,,22,25.986419129758822
P0527,S-9896,S-6763,close,,22,2.0232468019158887
P0528,S-3419,S-3504,random,,22,11.096946584671898
P0529,S-1048,S-4047,random,,22,41.1410285975972
P0530,S-5883,S-9134,close,,22,2.3689884809911064
P0531,S-9748,S-3559,close,,22,2.8285068072810162
P0532,S-6482,S-9267,random,,22,7.12929229331268
P0533,S-9824,S-5883,random,,22,5.614716969663547
P0534,S-4748,S-6570,random,,22,51.64568540298821
P0535,S-4748,S-9288,random,,22,44.269003286926804
P0536,S-9630,S-1429,random,,22,35.58182441341016
P0537,S-7301,S-4588,random,,22,33.9384759344029
P0538,S-7365,S-9542,close,,22,0.956846004719111
P0539,S-4767,S-8528,close,,22,4.763512506498927
P0540,S-9542,S-3835,close,,22,2.282008965534743
P0541,S-1935,S-7301,close,,22,0.0
P0542,S-5482,S-9910,random,,22,9.23775306931394
P0543,S-3105,S-9656,close,,22,1.5968763371799355
P0544,S-7586,S-3258,close,,22,4.264364911907521
P0545,S-3894,S-7117,random,,22,22.673518265626356
P0546,S-9176,S-9472,random,,22,8.193802418251288
P0547,S-2909,S-1557,close,,22,3.5217648376408306
P0548,S-3105,S-4048,random,,22,60.38367812575075
P0549,S-5718,S-7005,close,,22,0.4162569387479351
P0550,S-7935,S-9542,random,,22,2.4987252035696343
P0551,S-5482,S-9118,random,,23,13.421075747072642
P0552,S-2909,S-9656,random,,23,11.962024426272237
P0553,S-9288,S-6763,close,,23,2.068536001870285
P0554,S-7729,S-5605,random,,23,57.915166016653274
P0555,S-3026,S-8271,close,,23,4.718741255217836
P0556,S-2216,S-9267,close,,23,0.8266804014064917
P0557,S-1048,S-6515,close,,23,2.0049033200030237
P0558,S-7729,S-4166,close,,23,0.9473003456055409
P0559,S-3923,S-9896,random,,23,3.76306416520427
P0560,S-9896,S-1009,random,,23,13.674205256195734
P0561,S-9898,S-9619,random,,23,14.719976804351262
P0562,S-9001,S-2431,random,,23,24.704171980682503
P0563,S-7629,S-9898,random,,23,21.3139432922803
P0564,S-8055,S-7051,random,,23,29.43077255317334
P0565,S-7034,S-1306,close,,23,3.5361385834364967
P0566,S-3604,S-6614,random,,23,21.391217330616968
P0567,S-8822,S-4138,close,,23,2.461753140769247
P0568,S-2431,S-1048,close,,23,0.03276042540331048
P0569,S-5818,S-4768,random,,23,23.06737707460705
P0570,S-3123,S-3504,random,,23,11.058387968092774
P0571,S-9731,S-9859,random,,23,47.85990083838693
P0572,S-5473,S-3528,close,,23,2.9884760155838563
P0573,S-3419,S-2431,random,,23,13.476414111557816
P0574,S-3105,S-2969,random,,23,28.344676823728136
P0575,S-8271,S-7586,close,,23,3.3048729609969456
P0576,S-1011,S-6051,random,,24,2.221508782347229
P0577,S-3771,S-3309,close,,24,1.714102327501898
P0578,S-7017,S-2849,random,,24,28.78148000034696
P0579,S-9380,S-4220,random,,24,4.51106869764088
P0580,S-2969,S-7017,close,,24,3.0097062410560085
P0581,S-9869,S-9596,random,,24,22.693334146540167
P0582,S-4269,S-2772,random,,24,2.355455368739193
P0583,S-9731,S-9267,close,,24,3.868313442814184
P0584,S-6022,S-5718,random,,24,43.984161155438194
P0585,S-6852,S-5762,random,,24,20.960761303075216
P0586,S-9656,S-9134,close,,24,0.03538543563705332
P0587,S-1362,S-7586,random,,24,32.949990782463395
P0588,S-7117,S-9559,random,,24,46.17689876285743
P0589,S-4588,S-1459,random,,24,4.399718863913819
P0590,S-9341,S-7811,close,,24,1.9649487090993887
P0591,S-1122,S-3006,random,,24,38.510051497975695
P0592,S-1011,S-5792,close,,24,4.860193361669076
P0593,S-1557,S-1362,random,,24,51.51092683213283
P0594,S-8271,S-9118,close,,24,3.9349987516662353
P0595,S-1810,S-7982,random,,24,16.02785776877812
P0596,S-8025,S-2122,close,,24,4.415778668096863
P0597,S-1935,S-9542,random,,24,22.55979908895526
P0598,S-5482,S-5818,random,,24,23.06737707460705
P0599,S-7797,S-8561,close,,24,0.2768002550039341
P0600,S-9731,S-9748,close,,24,0.2601026118950216
P0601,S-7935,S-7586,close,,25,0.5998735743501982
P0602,S-4969,S-3555,close,,25,0.22258312671917935
P0603,S-9859,S-7797,random,,25,46.68471957897345
P0604,S-9898,S-4796,close,,25,0.5025905302703961
P0605,S-6829,S-1935,random,,25,10.489051352610886
P0606,S-9869,S-9542,close,,25,0.1335350575849077
P0607,S-7301,S-5238,random,,25,35.516122438964686
P0608,S-1810,S-6757,random,,25,29.965143729362403
P0609,S-3559,S-4639,random,,25,26.151274313626416
P0610,S-1448,S-7034,random,,25,9.391792238060425
P0611,S-1810,S-6570,close,,25,0.04232537727182262
P0612,S-5883,S-6335,random,,25,9.831769456526018
P0613,S-2691,S-6406,random,,25,38.18213730291355
P0614,S-1362,S-9006,close,,25,4.718304305111779
P0615,S-3123,S-7448,close,,25,2.894214559795472
P0616,S-6482,S-9829,close,,25,3.4859277589178035
P0617,S-9808,S-2958,random,,25,41.6413395899787
P0618,S-9731,S-5883,close,,25,3.0974155706821023
P0619,S-3144,S-5797,random,,25,3.590588405990843
P0620,S-6074,S-2192,random,,25,48.84265549991777
P0621,S-2431,S-8409,random,,25,2.3927034151090965
P0622,S-3026,S-8505,random,,25,13.8594075625886
P0623,S-5482,S-1054,close,,25,0.0
P0624,S-7005,S-9596,random,,25,23.443692357733596
P0625,S-1572,S-9380,random,,25,35.2198319873129
P0626,S-9472,S-4683,close,,26,2.128148358744852
P0627,S-2958,S-2216,close,,26,3.271055825243181
P0628,S-1448,S-4368,close,,26,2.77415049027438
P0629,S-2772,S-3920,random,,26,27.3824453574991
P0630,S-9829,S-9910,random,,26,23.994103307071725
P0631,S-8822,S-5473,random,,26,6.594777493584573
P0632,S-2732,S-3528,close,,26,1.702625034685127
P0633,S-3144,S-4726,close,,26,1.54210215797076
P0634,S-9619,S-4166,random,,26,16.83722894939335
P0635,S-7811,S-3559,close,,26,0.6438396869733793
P0636,S-9910,S-5883,random,,26,35.38022123143429
P0637,S-9824,S-1009,random,,26,2.7913298774336965
P0638,S-1222,S-5718,random,,26,7.596319882572075
P0639,S-2849,S-4220,random,,26,1.9272832893250609
P0640,S-9731,S-6747,random,,26,5.891671933096944
P0641,S-4726,S-9562,close,,26,3.24780757312719
P0642,S-7365,S-3504,random,,26,1.1919406398777852
P0643,S-8505,S-4368,random,,26,18.00488237459099
P0644,S-1048,S-6904,random,,26,31.03037008930822
P0645,S-2969,S-4893,random,,26,26.153583582880145
P0646,S-6051,S-7915,random,,26,3.2293127134015975
P0647,S-3771,S-8741,random,,26,5.721777970868139
P0648,S-9542,S-6482,close,,26,4.317521092279669
P0649,S-9267,S-8528,random,,26,21.290597242116775
P0650,S-1557,S-7811,random,,26,12.426769508805464
P0651,S-9829,S-4166,close,,27,4.440340909480426
P0652,S-9748,S-4588,close,,27,4.95869481349547
P0653,S-7586,S-2273,close,,27,1.3153095746412617
P0654,S-4341,S-6784,close,,27,4.502725225932508
P0655,S-3144,S-2431,random,,27,9.49760807820838
P0656,S-9663,S-8055,random,,27,1.9268251837345645
P0657,S-2192,S-7915,random,,27,44.398760947124316
P0658,S-9288,S-2709,close,,27,1.877766715925219
P0659,S-7907,S-2273,random,,27,37.95623936305376
P0660,S-4078,S-9869,close,,27,3.8384608221197993
P0661,S-6836,S-7699,random,,27,12.675450250658699
P0662,S-7911,S-9898,close,,27,1.9484555464821938
P0663,S-9656,S-4748,random,,27,36.55118176124576
P0664,S-2958,S-4269,random,,27,41.65145287316702
P0665,S-1011,S-5718,close,,27,4.443713831631541
P0666,S-8505,S-9910,random,,27,8.01567875024638
P0667,S-9267,S-7586,close,,27,4.710622830252447
P0668,S-1097,S-5605,random,,27,14.832269084204842
P0669,S-6190,S-6406,random,,27,1.6311977487157918
P0670,S-7982,S-9134,close,,27,0.9264141854009011
P0671,S-8528,S-7017,close,,27,4.080973047871495
P0672,S-2969,S-5818,random,,27,26.07708331566306
P0673,S-2042,S-6904,random,,27,25.286040996322143
P0674,S-7811,S-3258,close,,27,1.869801628956452
P0675,S-5398,S-1222,random,,27,10.301944053938684
P0676,S-5718,S-1280,close,,28,0.0650958618207369
P0677,S-3105,S-7911,close,,28,2.0725717439096343
P0678,S-9267,S-3835,random,,28,0.5297622354982678
P0679,S-9630,S-7907,random,,28,41.9103756762813
P0680,S-2239,S-5705,random,,28,45.42385640483595
P0681,S-2122,S-2273,close,,28,2.9972508816951517
P0682,S-5396,S-6074,random,,28,21.947352963651923
P0683,S-4048,S-6335,random,,28,51.359406248672954
P0684,S-3397,S-3528,close,,28,3.584251590715553
P0685,S-7811,S-9006,random,,28,34.36585301821559
P0686,S-5238,S-6051,close,,28,4.990950528504385
P0687,S-7017,S-2766,random,,28,35.130789029462846
P0688,S-2042,S-3504,close,,28,3.3321011406968495
P0689,S-7699,S-4368,random,,28,10.759524696163481
P0690,S-4579,S-5705,random,,28,24.568324630720852
P0691,S-6829,S-7034,close,,28,0.32388504487349934
P0692,S-3006,S-8505,close,,28,1.2220743190675591
P0693,S-3155,S-3555,close,,28,4.870698345930549
P0694,S-7911,S-3123,random,,28,10.120693583126865
P0695,S-4683,S-1009,close,,28,1.6984348131691576
P0696,S-2216,S-4893,close,,28,1.4010125467576415
P0697,S-5705,S-6904,random,,28,23.79900712572536
P0698,S-2122,S-2431,close,,28,0.26933593538973355
P0699,S-9869,S-9118,random,,28,9.272258399467525
P0700,S-7365,S-6757,random,,28,14.606865558530309
P0701,S-6482,S-6060,close,,29,0.42046123252025325
P0702,S-3724,S-3555,close,,29,1.2993765742641727
P0703,S-9562,S-6051,random,,29,17.02431342314261
P0704,S-1009,S-7448,random,,29,18.540885666661723
P0705,S-1054,S-6904,random,,29,6.2934376832224075
P0706,S-7051,S-6482,random,,29,19.485570818032592
P0707,S-9134,S-5473,close,,29,0.5482538736454785
P0708,S-8505,S-4683,random,,29,20.656930447259825
P0709,S-3181,S-3397,random,,29,8.335366147569118
P0710,S-4767,S-7365,random,,29,14.672159539303948
P0711,S-8822,S-6126,random,,29,42.119162724034894
P0712,S-2431,S-4118,close,,29,2.608377689594434
P0713,S-8961,S-7797,random,,29,6.6136622744610065
P0714,S-3309,S-9134,random,,29,18.530180001945446
P0715,S-2691,S-2534,random,,29,25.04188271272404
P0716,S-7935,S-1448,random,,29,0.5041153395878126
P0717,S-8409,S-1459,random,,29,2.441881674697484
P0718,S-6515,S-5242,random,,29,4.702726253874502
P0719,S-5797,S-8025,random,,29,10.592134275704133
P0720,S-3771,S-8528,close,,29,0.5517756961895941
P0721,S-8741,S-8980,random,,29,23.18640555308759
P0722,S-9267,S-2722,close,,29,4.537219173053771
P0723,S-5797,S-8271,random,,29,1.4410778097260888
P0724,S-8741,S-7935,random,,29,10.810098562835584
P0725,S-2709,S-3692,random,,29,11.666878941415021
P0726,S-8409,S-1011,close,,30,1.206787732321473
P0727,S-4118,S-2122,close,,30,2.3390417542047004
P0728,S-7319,S-5718,close,,30,3.248488326229804
P0729,S-4220,S-9824,random,,30,10.181012097215216
P0730,S-5398,S-9134,random,,30,2.6191545560143226
P0731,S-9596,S-1122,random,,30,38.510051497975695
P0732,S-7907,S-1306,random,,30,29.68128721985056
P0733,S-9001,S-4768,close,,30,0.0
P0734,S-6126,S-5792,random,,30,45.4630159127487
P0735,S-2797,S-1810,close,,30,4.759974385352038
P0736,S-6832,S-2311,random,,30,17.07100398496538
P0737,S-1306,S-4726,close,,30,3.0473611692709994
P0738,S-8055,S-1011,close,,30,0.11618339629673358
P0739,S-4639,S-2483,random,,30,5.472230125900047
P0740,S-7017,S-6060,random,,30,18.662739229195843
P0741,S-3026,S-4220,random,,30,18.07143004615098
P0742,S-4579,S-6836,random,,30,21.929637689246114
P0743,S-9596,S-9001,close,,30,0.0
P0744,S-1011,S-7797,close,,30,0.2389606547240959
P0745,S-6060,S-2849,random,,30,10.118740771151117
P0746,S-9134,S-8055,close,,30,4.414000050687093
P0747,S-5242,S-9562,random,,30,8.538250984896642
P0748,S-7935,S-9869,close,,30,2.632260261154542
P0749,S-1280,S-5473,close,,30,0.6998193508185011
P0750,S-1011,S-9288,close,,30,3.152252643060166
P0751,S-4768,S-9896,random,,31,31.41062657121884
P0752,S-9709,S-6237,random,,31,5.179557236584614
P0753,S-7915,S-9656,close,,31,3.5577649515665115
P0754,S-3724,S-5238,random,,31,17.755955724735216
P0755,S-7051,S-9596,close,,31,1.2432928213570023
P0756,S-2911,S-2732,random,,31,53.12146136874365
P0757,S-3555,S-4368,close,,31,0.32201791555813486
P0758,S-9896,S-4625,random,,31,39.958301489575874
P0759,S-9663,S-3604,random,,31,7.254920735731147
P0760,S-2431,S-2732,close,,31,0.1930951923000066
P0761,S-7586,S-1448,close,,31,1.1039889139380108
P0762,S-7699,S-5883,close,,31,1.3998645895665618
P0763,S-9980,S-2483,random,,31,5.472230125900047
P0764,S-8822,S-5792,random,,31,3.3438531887138083
P0765,S-5473,S-2797,random,,31,10.889723071670659
P0766,S-6051,S-8561,close,,31,2.737269692075259
P0767,S-5797,S-1009,close,,31,1.060730993441858
P0768,S-6237,S-9980,random,,31,19.507190089386512
P0769,S-9288,S-1459,random,,31,1.9171587006841548
P0770,S-1057,S-4118,random,,31,27.312549670276937
P0771,S-3258,S-6406,close,,31,2.299086085431341
P0772,S-2431,S-1011,close,,31,3.5994911474305695
P0773,S-1009,S-3155,random,,31,3.5950671708727384
P0774,S-9829,S-9286,random,,31,19.22533231349106
P0775,S-6022,S-4683,random,,31,39.55906798714893
P0776,S-1048,S-3559,close,,32,1.414341907540603
P0777,S-8909,S-2042,random,,32,26.997353958848052
P0778,S-9118,S-3920,random,,32,2.4813178198235946
P0779,S-6406,S-2709,random,,32,2.3537505981733347
P0780,S-6563,S-6614,random,,32,18.526316154211287
P0781,S-7935,S-6335,close,,32,3.750375179791291
P0782,S-9562,S-1054,random,,32,13.500858487317693
P0783,S-7574,S-1448,random,,32,19.556958545797812
P0784,S-6852,S-1009,close,,32,3.224339988052108
P0785,S-2756,S-3155,random,,32,1.6942977267884771
P0786,S-8271,S-2732,random,,32,7.155002289643619
P0787,S-4965,S-3181,random,,32,38.133319561352295
P0788,S-6022,S-3822,close,,32,4.457928763397248
P0789,S-8980,S-9663,close,,32,2.323075960086726
P0790,S-2216,S-1048,close,,32,0.192042517504035
P0791,S-6747,S-4810,random,,32,8.369719912937299
P0792,S-2042,S-9288,random,,32,12.463312458073503
P0793,S-6852,S-4368,close,,32,4.177953247551784
P0794,S-2797,S-8822,close,,32,4.294945578086086
P0795,S-5818,S-2709,random,,32,6.510771980640968
P0796,S-2534,S-4368,close,,32,2.6986641886382614
P0797,S-3923,S-9748,close,,32,1.3322187148928606
P0798,S-6570,S-9859,random,,32,57.452614992819115
P0799,S-4588,S-6074,close,,32,2.1987221845507463
P0800,S-3692,S-9748,random,,32,11.068511007074434
P0801,S-9562,S-3724,close,,33,4.259308226911777
P0802,S-3397,S-3894,random,,33,20.541376805506253
P0803,S-9898,S-5883,close,,33,4.828524869840052
P0804,S-6563,S-3419,random,,33,23.276566605751682
P0805,S-1953,S-5762,close,,33,0.0
P0806,S-8055,S-9341,close,,33,3.357314440315932
P0807,S-3105,S-3835,random,,33,0.49316252818212547
P0808,S-1935,S-6074,random,,33,31.739753749852156
P0809,S-1280,S-5605,random,,33,61.69621968211179
P0810,S-3555,S-1810,random,,33,22.414133124541166
P0811,S-4078,S-2722,random,,33,3.3769944943820747
P0812,S-9596,S-4639,close,,33,0.0
P0813,S-8025,S-9006,random,,33,36.96002560178489
P0814,S-7629,S-8741,random,,33,9.25097532255004
P0815,S-8909,S-2911,random,,33,20.605633934612843
P0816,S-5242,S-5797,close,,33,3.241957163749369
P0817,S-3105,S-5718,close,,33,1.4750212861905965
P0818,S-9630,S-3105,random,,33,0.5954227649324935
P0819,S-9663,S-6074,close,,33,1.6254488343012525
P0820,S-6126,S-8528,random,,33,16.38013247083805
P0821,S-7907,S-1048,random,,33,40.71691473476249
P0822,S-2849,S-3771,random,,33,25.25228264866506
P0823,S-7017,S-2311,random,,33,32.04917245114423
P0824,S-3923,S-1011,close,,33,0.6561007220985005
P0825,S-7729,S-6614,close,,33,4.16598317217867
P0826,S-9562,S-2216,random,,34,11.044031401264085
P0827,S-8025,S-1459,close,,34,0.14947048631998427
P0828,S-9896,S-8409,close,,34,4.313751175427242
P0829,S-8301,S-4519,random,,34,14.734759516324985
P0830,S-8561,S-5473,close,,34,4.562676410901275
P0831,S-9980,S-9596,close,,34,0.0
P0832,S-6051,S-9748,close,,34,1.5453907895528687
P0833,S-3923,S-9869,close,,34,4.954228259474405
P0834,S-8961,S-3397,close,,34,4.880411334066807
P0835,S-8822,S-9663,close,,34,0.2943016144825634
P0836,S-2958,S-1009,random,,34,10.079524398801851
P0837,S-1048,S-7699,close,,34,2.8054003456011003
P0838,S-6784,S-1953,random,,34,0.4091726274977532
P0839,S-5718,S-9663,random,,34,6.254355619069372
P0840,S-4166,S-4768,random,,34,19.196691147238212
P0841,S-2709,S-6515,repeat,P0018,35,2.836313329159182
P0842,S-9267,S-6763,repeat,P0347,35,4.015809479314683
P0843,S-7699,S-7797,repeat,P0301,35,0.5223697217020629
P0844,S-4625,S-8909,repeat,P0419,35,0.5429242726087153
P0845,S-2911,S-2311,repeat,P0455,35,60.659557031505386
P0846,S-3555,S-1011,repeat,P0485,35,11.842872988147775
P0847,S-7729,S-9118,repeat,P0031,35,6.722915745771111
P0848,S-7915,S-9748,repeat,P0026,35,1.6839219238487289
P0849,S-2732,S-2756,repeat,P0303,35,4.873886029275127
P0850,S-7729,S-5238,repeat,P0421,35,15.372130946120933
P0851,S-3923,S-8561,repeat,P0126,35,0.14033981237047044
P0852,S-6190,S-1097,repeat,P0312,35,51.79450164539516
P0853,S-4078,S-5718,repeat,P0088,35,2.671845672178435
P0854,S-7448,S-7034,repeat,P0188,35,26.112140673947444
P0855,S-7911,S-5242,repeat,P0225,35,1.2232893665481583
P0856,S-7365,S-6022,repeat,P0075,35,43.64085695263103
P0857,S-6515,S-7811,repeat,P0017,35,0.05327827451095857
P0858,S-4269,S-4138,repeat,P0160,35,41.19375731964115
P0859,S-9134,S-3604,repeat,P0321,35,13.595745970152805
P0860,S-7911,S-1057,repeat,P0279,35,23.262398838762493
P0861,S-7729,S-9472,repeat,P0475,35,1.4190129940933645
P0862,S-4893,S-9808,repeat,P0239,35,36.96927121797788
P0863,S-8025,S-7911,repeat,P0377,35,6.126887745406606
P0864,S-2534,S-1097,repeat,P0392,35,37.02304930648985
P0865,S-2797,S-6563,repeat,P0081,35,0.389375595721944
P0866,S-4166,S-9663,repeat,P0478,36,10.917613768312691
P0867,S-2797,S-3528,repeat,P0068,36,7.9012470560868024
P0868,S-7797,S-2239,repeat,P0002,36,55.982989435721976
P0869,S-1557,S-9980,repeat,P0058,36,39.22188350940526
P0870,S-3006,S-5396,repeat,P0213,36,9.792400786200233
P0871,S-3923,S-7574,repeat,P0041,36,27.647562406014572
P0872,S-3144,S-9286,repeat,P0003,36,19.675545978207396
P0873,S-9472,S-4519,repeat,P0186,36,2.2237438113292853
P0874,S-9267,S-4796,repeat,P0451,36,4.5602175279783665
P0875,S-4726,S-9006,repeat,P0340,36,24.319405078060676
P0876,S-5238,S-4579,repeat,P0334,36,42.578877627182585
P0877,S-7365,S-4796,repeat,P0198,36,2.7052923316644666
P0878,S-2911,S-2797,repeat,P0090,36,62.72533345951558
P0879,S-9630,S-3835,repeat,P0019,36,1.088585293114619
P0880,S-4078,S-2732,repeat,P0182,36,2.02071818027747
P0881,S-4969,S-5705,repeat,P0388,36,1.2673624292568348
P0882,S-2732,S-3559,repeat,P0440,36,1.64019752524392
P0883,S-6515,S-6763,repeat,P0404,36,2.645544043214116
P0884,S-6482,S-4683,repeat,P0206,36,1.192578131516676
P0885,S-5883,S-8561,repeat,P0137,36,1.6454340562646905
P0886,S-3920,S-3555,repeat,P0255,36,0.5583965730690608
P0887,S-7319,S-9177,repeat,P0065,36,39.59744566973153
P0888,S-3419,S-1658,repeat,P0220,36,15.736735676379737
P0889,S-3026,S-6832,repeat,P0141,36,2.340835222657809
P0890,S-9134,S-2691,repeat,P0103,36,34.731218526968114
P0891,S-7699,S-8561,repeat,P0262,37,0.24556946669812874
P0892,S-3504,S-4683,repeat,P0459,37,2.8898483256043193
P0893,S-4810,S-1459,repeat,P0251,37,2.1791746421537255
P0894,S-4726,S-9829,repeat,P0302,37,1.9923158226870967
P0895,S-9559,S-8822,repeat,P0170,37,2.9399538044396536
P0896,S-6406,S-4969,repeat,P0307,37,10.986191443828567
P0897,S-8025,S-9896,repeat,P0354,37,2.0213399870497426
P0898,S-2709,S-9896,repeat,P0150,37,1.8324775159708224
P0899,S-2216,S-2849,repeat,P0016,37,4.236590111765182
P0900,S-2122,S-6670,repeat,P0260,37,6.9062114084840545
