feature,block,type,formula,reason,expected_interpretation,direction,missing_treatment,notes,slr_factor
notice_recency_days,B3_notices_updates,count,"clip(crawl_date - a18_recent_notice_date, min=0)",Freshness is the single strongest available signal that a site is maintained. The clip censors the 285 impossible future dates rather than deleting those rows.,"Lower is better. 0 = posted today (or an impossible date, censored).",-1,Left NaN when no date exists; represented separately by a18_missing. Never imputed - absence of a dated notice is itself evidence.,285 rows censored; check notice_date_future before interpreting a 0.,Information quality
notice_evidence,B3_notices_updates,ordinal,3 if dated & recency<=90d; 2 if dated; 1 if board/timestamp flag only; else 0,Reconciles the a16/a17/a18 contradiction into ONE field. Undated notices get partial credit only - they are weak evidence of freshness.,Higher is better. Use this INSTEAD of a16+a17 to avoid triple-counting.,1,"0 is a genuine level (no evidence), not a missing value.",Resolves audit findings F15.,Information quality
event_evidence,B4_events_media,ordinal,3 if flag & count>0 & a27_event_datetime; 2 if flag & count>0; 1 if flag XOR count>0; else 0,327 rows flag events with count 0 and 158 count events with the flag off. Level 1 records that contradiction honestly instead of averaging it away.,"Higher is better. An event without a date-time is not actionable, hence level 2 vs 3.",1,0 is a genuine level.,Resolves audit finding F16.,Specific content
load_time_z_region,B9_technical_perf,continuous,(load_time_s - mean(load_time_s | region)) / sd(load_time_s | region),"Collector and region are perfectly confounded (audit F17), so raw load time cannot distinguish a slow website from a slow connection. Standardising within region discards the untrustworthy between-region component and keeps the within-region ordering.",Lower is better. 0 = regional average. NOT comparable as an absolute speed.,-1,No missing values.,Every ranking is produced with AND without this feature; see nb08.,Functionality
load_time_pct_region,B9_technical_perf,percentage,"rank(load_time_s within region, pct=True)","Bounded [0,1] alternative to the z-score, robust to the heavy right tail (max 42s).",Lower is better; 0.1 = among the fastest 10% in its region.,-1,No missing values.,,Functionality
broken_links_log,B9_technical_perf,continuous,"log1p(clip(a66_broken_links, upper=p99=10))","Absolute counts with no denominator and a 1,129 outlier. log1p compresses the tail; winsorisation stops one row driving the variance.",Lower is better.,-1,0 read as verified-absence (assumption A1).,A rate cannot be computed - permanent limitation A2.,Functionality
broken_links_present,B9_technical_perf,binary,1 if a66_broken_links > 0 else 0,"81% of rows are 0, so the count is mostly a presence indicator. Separating them lets a model use 'any broken links at all' independently of how many.",0 is better.,-1,n/a,,Functionality
mobile_ordinal,B9_technical_perf,ordinal,dense rank of a63_mobile_score,"a63 is a 3-to-6 level heuristic, not a Lighthouse measurement (audit F12). Treating it as continuous implies precision it does not have.","Higher is better, but only the ORDER is meaningful - the gap 75->90 is not 1.5x the gap 90->100.",1,No missing values.,,Functionality
content_completeness_B5,B5_page_content,percentage,mean of the 15 binary attributes in B5_page_content,"Information completeness within a conceptual dimension, on a common 0-1 scale regardless of how many columns the block happens to contain.",Higher is better. 1.0 = every element in the block present.,1,No missing values among these binaries.,"members: a32_vision_mission, a33_about_blurb, a34_department_links, a35_faculty_link, a36_research_highlight, a37_programs_listing, a38_scholarship, a39_library_link, a40_career_link, a41_alumni_link, a42_faq_link, a43_contact_link, a44_student_portal, a45_prospectus, a46_admissions_policy",Specific content
footer_completeness_B6,B6_footer,percentage,mean of the 5 binary attributes in B6_footer,"Information completeness within a conceptual dimension, on a common 0-1 scale regardless of how many columns the block happens to contain.",Higher is better. 1.0 = every element in the block present.,1,No missing values among these binaries.,"members: a47_footer_contact, a48_footer_sitemap, a49_copyright_line, a50_social_links, a51_quick_links",Usability
a11y_completeness_B11,B11_accessibility,percentage,mean of the 3 binary attributes in B11_accessibility,"Information completeness within a conceptual dimension, on a common 0-1 scale regardless of how many columns the block happens to contain.",Higher is better. 1.0 = every element in the block present.,1,No missing values among these binaries.,"members: a73_accessible_design, a74_a11y_toggle, a75_bookmark",Functionality
seo_completeness_B10,B10_seo_metadata,percentage,mean of the 3 binary attributes in B10_seo_metadata,"Information completeness within a conceptual dimension, on a common 0-1 scale regardless of how many columns the block happens to contain.",Higher is better. 1.0 = every element in the block present.,1,No missing values among these binaries.,"members: a69_title_meta, a70_favicon, a71_sitemap_robots",Functionality
nav_completeness_B1,B1_header_nav,percentage,mean of the 5 binary attributes in B1_header_nav,"Information completeness within a conceptual dimension, on a common 0-1 scale regardless of how many columns the block happens to contain.",Higher is better. 1.0 = every element in the block present.,1,No missing values among these binaries.,"members: a01_logo, a02_primary_nav, a04_search_bar, a05_language_toggle, a06_breadcrumb",Usability
events_completeness_B4,B4_events_media,percentage,mean of the 8 binary attributes in B4_events_media,"Information completeness within a conceptual dimension, on a common 0-1 scale regardless of how many columns the block happens to contain.",Higher is better. 1.0 = every element in the block present.,1,No missing values among these binaries.,"members: a23_upcoming_events, a25_event_images, a26_event_captions, a27_event_datetime, a28_contests, a29_video_content, a30_image_gallery, a31_social_feed_embed",Specific content
service_completeness_B8,B8_service_interact,percentage,mean of the 4 binary attributes in B8_service_interact,"Information completeness within a conceptual dimension, on a common 0-1 scale regardless of how many columns the block happens to contain.",Higher is better. 1.0 = every element in the block present.,1,No missing values among these binaries.,"members: a58_live_chat, a59_feedback_form, a60_trust_seal, a61_testimonials",Service interaction quality
nav_quality,B1_header_nav,continuous,"piecewise-linear curve on a03_nav_item_count, knots ([0, 1, 2, 3, 4, 5, 9, 12, 15, 20], [0, 0.15, 0.35, 0.6, 0.85, 1.0, 1.0, 0.78, 0.6, 0.45])",Navigation is the clearest case where 'more' is not 'better': 0-1 items is a broken menu and 20 items is an undifferentiated dump. A linear term cannot express this.,Higher is better. Peaks on 5-9 top-level items.,0,No missing values.,"a03 is right-censored at 20 (audit F11), so the decline also absorbs the cap artefact.",Usability
a18_missing,B3_notices_updates,binary,1 if a18_recent_notice_date is null else 0,"NULL IS NOT ZERO. For a18 the missingness is a quality signal in itself (no dated notice was found); for a72/a53 it records a failed measurement, which must not be confused with a bad measurement.","For a18, 1 tends to mean worse. For a72/a53, 1 means unmeasured - direction unknown.",0,n/a - this IS the missingness treatment.,,Information quality
a72_missing,B11_accessibility,binary,1 if a72_alt_text_pct is null else 0,"NULL IS NOT ZERO. For a18 the missingness is a quality signal in itself (no dated notice was found); for a72/a53 it records a failed measurement, which must not be confused with a bad measurement.","For a18, 1 tends to mean worse. For a72/a53, 1 means unmeasured - direction unknown.",0,n/a - this IS the missingness treatment.,,Functionality
a53_missing,B7_visual_design,binary,1 if a53_contrast_ratio is null else 0,"NULL IS NOT ZERO. For a18 the missingness is a quality signal in itself (no dated notice was found); for a72/a53 it records a failed measurement, which must not be confused with a bad measurement.","For a18, 1 tends to mean worse. For a72/a53, 1 means unmeasured - direction unknown.",0,n/a - this IS the missingness treatment.,,Web appearance
a01_logo,B1_header_nav,binary,as scraped (schema Table 2),Retained landing-page attribute from the frozen 69-attribute specification.,Higher/present is better.,1,verified absence (0) unless listed in assumptions.md,,Usability
a02_primary_nav,B1_header_nav,binary,as scraped (schema Table 2),Retained landing-page attribute from the frozen 69-attribute specification.,Higher/present is better.,1,verified absence (0) unless listed in assumptions.md,,Usability
a03_nav_item_count,B1_header_nav,numeric,as scraped (schema Table 2),Retained landing-page attribute from the frozen 69-attribute specification.,Non-monotone - see curve.,0,verified absence (0) unless listed in assumptions.md,,Usability
a04_search_bar,B1_header_nav,binary,as scraped (schema Table 2),Retained landing-page attribute from the frozen 69-attribute specification.,Higher/present is better.,1,verified absence (0) unless listed in assumptions.md,,Usability
a05_language_toggle,B1_header_nav,binary,as scraped (schema Table 2),Retained landing-page attribute from the frozen 69-attribute specification.,Higher/present is better.,1,verified absence (0) unless listed in assumptions.md,,Usability
a06_breadcrumb,B1_header_nav,binary,as scraped (schema Table 2),Retained landing-page attribute from the frozen 69-attribute specification.,Higher/present is better.,1,verified absence (0) unless listed in assumptions.md,,Usability
a07_qs_badge,B2_rankings_recog,binary,as scraped (schema Table 2),Retained landing-page attribute from the frozen 69-attribute specification.,Higher/present is better.,1,verified absence (0) unless listed in assumptions.md,"LOWEST TIER: self-promotion signal, trivially gamed",Information quality
a09_national_rank,B2_rankings_recog,binary,as scraped (schema Table 2),Retained landing-page attribute from the frozen 69-attribute specification.,Higher/present is better.,1,verified absence (0) unless listed in assumptions.md,"LOWEST TIER: self-promotion signal, trivially gamed",Information quality
a11_accreditation,B2_rankings_recog,binary,as scraped (schema Table 2),Retained landing-page attribute from the frozen 69-attribute specification.,Higher/present is better.,1,verified absence (0) unless listed in assumptions.md,"LOWEST TIER: self-promotion signal, trivially gamed",Information quality
a12_accred_count,B2_rankings_recog,numeric,as scraped (schema Table 2),Retained landing-page attribute from the frozen 69-attribute specification.,Higher/present is better.,1,verified absence (0) unless listed in assumptions.md,,Information quality
a13_achievements,B2_rankings_recog,binary,as scraped (schema Table 2),Retained landing-page attribute from the frozen 69-attribute specification.,Higher/present is better.,1,verified absence (0) unless listed in assumptions.md,"LOWEST TIER: self-promotion signal, trivially gamed",Information quality
a14_stats_block,B2_rankings_recog,binary,as scraped (schema Table 2),Retained landing-page attribute from the frozen 69-attribute specification.,Higher/present is better.,1,verified absence (0) unless listed in assumptions.md,,Information quality
a15_stat_item_count,B2_rankings_recog,numeric,as scraped (schema Table 2),Retained landing-page attribute from the frozen 69-attribute specification.,Higher/present is better.,1,verified absence (0) unless listed in assumptions.md,,Information quality
a16_notice_board,B3_notices_updates,binary,as scraped (schema Table 2),Retained landing-page attribute from the frozen 69-attribute specification.,Higher/present is better.,1,verified absence (0) unless listed in assumptions.md,,Information quality
a17_notice_timestamp,B3_notices_updates,binary,as scraped (schema Table 2),Retained landing-page attribute from the frozen 69-attribute specification.,Higher/present is better.,1,verified absence (0) unless listed in assumptions.md,,Information quality
a18_recent_notice_date,B3_notices_updates,numeric,as scraped (schema Table 2),Retained landing-page attribute from the frozen 69-attribute specification.,Higher/present is better.,1,verified absence (0) unless listed in assumptions.md,,Information quality
a20_news_events,B3_notices_updates,binary,as scraped (schema Table 2),Retained landing-page attribute from the frozen 69-attribute specification.,Higher/present is better.,1,verified absence (0) unless listed in assumptions.md,,Information quality
a21_calendar_link,B3_notices_updates,binary,as scraped (schema Table 2),Retained landing-page attribute from the frozen 69-attribute specification.,Higher/present is better.,1,verified absence (0) unless listed in assumptions.md,,Information quality
a22_admission_notice,B3_notices_updates,binary,as scraped (schema Table 2),Retained landing-page attribute from the frozen 69-attribute specification.,Higher/present is better.,1,verified absence (0) unless listed in assumptions.md,,Information quality
a23_upcoming_events,B4_events_media,binary,as scraped (schema Table 2),Retained landing-page attribute from the frozen 69-attribute specification.,Higher/present is better.,1,verified absence (0) unless listed in assumptions.md,,Specific content
a24_event_count,B4_events_media,numeric,as scraped (schema Table 2),Retained landing-page attribute from the frozen 69-attribute specification.,Non-monotone - see curve.,0,verified absence (0) unless listed in assumptions.md,,Specific content
a25_event_images,B4_events_media,binary,as scraped (schema Table 2),Retained landing-page attribute from the frozen 69-attribute specification.,Higher/present is better.,1,verified absence (0) unless listed in assumptions.md,,Specific content
a26_event_captions,B4_events_media,binary,as scraped (schema Table 2),Retained landing-page attribute from the frozen 69-attribute specification.,Higher/present is better.,1,verified absence (0) unless listed in assumptions.md,,Specific content
a27_event_datetime,B4_events_media,binary,as scraped (schema Table 2),Retained landing-page attribute from the frozen 69-attribute specification.,Higher/present is better.,1,verified absence (0) unless listed in assumptions.md,,Specific content
a28_contests,B4_events_media,binary,as scraped (schema Table 2),Retained landing-page attribute from the frozen 69-attribute specification.,Higher/present is better.,1,verified absence (0) unless listed in assumptions.md,,Specific content
a29_video_content,B4_events_media,binary,as scraped (schema Table 2),Retained landing-page attribute from the frozen 69-attribute specification.,Higher/present is better.,1,verified absence (0) unless listed in assumptions.md,,Specific content
a30_image_gallery,B4_events_media,binary,as scraped (schema Table 2),Retained landing-page attribute from the frozen 69-attribute specification.,Higher/present is better.,1,verified absence (0) unless listed in assumptions.md,,Specific content
a31_social_feed_embed,B4_events_media,binary,as scraped (schema Table 2),Retained landing-page attribute from the frozen 69-attribute specification.,Higher/present is better.,1,verified absence (0) unless listed in assumptions.md,,Specific content
a32_vision_mission,B5_page_content,binary,as scraped (schema Table 2),Retained landing-page attribute from the frozen 69-attribute specification.,Higher/present is better.,1,verified absence (0) unless listed in assumptions.md,,Specific content
a33_about_blurb,B5_page_content,binary,as scraped (schema Table 2),Retained landing-page attribute from the frozen 69-attribute specification.,Higher/present is better.,1,verified absence (0) unless listed in assumptions.md,,Specific content
a34_department_links,B5_page_content,binary,as scraped (schema Table 2),Retained landing-page attribute from the frozen 69-attribute specification.,Higher/present is better.,1,verified absence (0) unless listed in assumptions.md,,Specific content
a35_faculty_link,B5_page_content,binary,as scraped (schema Table 2),Retained landing-page attribute from the frozen 69-attribute specification.,Higher/present is better.,1,verified absence (0) unless listed in assumptions.md,,Specific content
a36_research_highlight,B5_page_content,binary,as scraped (schema Table 2),Retained landing-page attribute from the frozen 69-attribute specification.,Higher/present is better.,1,verified absence (0) unless listed in assumptions.md,,Specific content
a37_programs_listing,B5_page_content,binary,as scraped (schema Table 2),Retained landing-page attribute from the frozen 69-attribute specification.,Higher/present is better.,1,verified absence (0) unless listed in assumptions.md,,Specific content
a38_scholarship,B5_page_content,binary,as scraped (schema Table 2),Retained landing-page attribute from the frozen 69-attribute specification.,Higher/present is better.,1,verified absence (0) unless listed in assumptions.md,,Specific content
a39_library_link,B5_page_content,binary,as scraped (schema Table 2),Retained landing-page attribute from the frozen 69-attribute specification.,Higher/present is better.,1,verified absence (0) unless listed in assumptions.md,,Specific content
a40_career_link,B5_page_content,binary,as scraped (schema Table 2),Retained landing-page attribute from the frozen 69-attribute specification.,Higher/present is better.,1,verified absence (0) unless listed in assumptions.md,,Specific content
a41_alumni_link,B5_page_content,binary,as scraped (schema Table 2),Retained landing-page attribute from the frozen 69-attribute specification.,Higher/present is better.,1,verified absence (0) unless listed in assumptions.md,,Specific content
a42_faq_link,B5_page_content,binary,as scraped (schema Table 2),Retained landing-page attribute from the frozen 69-attribute specification.,Higher/present is better.,1,verified absence (0) unless listed in assumptions.md,,Specific content
a43_contact_link,B5_page_content,binary,as scraped (schema Table 2),Retained landing-page attribute from the frozen 69-attribute specification.,Higher/present is better.,1,verified absence (0) unless listed in assumptions.md,,Specific content
a44_student_portal,B5_page_content,binary,as scraped (schema Table 2),Retained landing-page attribute from the frozen 69-attribute specification.,Higher/present is better.,1,verified absence (0) unless listed in assumptions.md,,Specific content
a45_prospectus,B5_page_content,binary,as scraped (schema Table 2),Retained landing-page attribute from the frozen 69-attribute specification.,Higher/present is better.,1,verified absence (0) unless listed in assumptions.md,,Specific content
a46_admissions_policy,B5_page_content,binary,as scraped (schema Table 2),Retained landing-page attribute from the frozen 69-attribute specification.,Higher/present is better.,1,verified absence (0) unless listed in assumptions.md,,Specific content
a47_footer_contact,B6_footer,binary,as scraped (schema Table 2),Retained landing-page attribute from the frozen 69-attribute specification.,Higher/present is better.,1,verified absence (0) unless listed in assumptions.md,,Usability
a48_footer_sitemap,B6_footer,binary,as scraped (schema Table 2),Retained landing-page attribute from the frozen 69-attribute specification.,Higher/present is better.,1,verified absence (0) unless listed in assumptions.md,,Usability
a49_copyright_line,B6_footer,binary,as scraped (schema Table 2),Retained landing-page attribute from the frozen 69-attribute specification.,Higher/present is better.,1,verified absence (0) unless listed in assumptions.md,,Usability
a50_social_links,B6_footer,binary,as scraped (schema Table 2),Retained landing-page attribute from the frozen 69-attribute specification.,Higher/present is better.,1,verified absence (0) unless listed in assumptions.md,,Usability
a51_quick_links,B6_footer,binary,as scraped (schema Table 2),Retained landing-page attribute from the frozen 69-attribute specification.,Higher/present is better.,1,verified absence (0) unless listed in assumptions.md,,Usability
a53_contrast_ratio,B7_visual_design,numeric,as scraped (schema Table 2),Retained landing-page attribute from the frozen 69-attribute specification.,Higher/present is better.,1,verified absence (0) unless listed in assumptions.md,,Web appearance
a54_banner_carousel,B7_visual_design,binary,as scraped (schema Table 2),Retained landing-page attribute from the frozen 69-attribute specification.,Non-monotone - see curve.,0,verified absence (0) unless listed in assumptions.md,negative direction: auto-rotating carousels harm usability,Web appearance
a57_logo_prominence,B7_visual_design,binary,as scraped (schema Table 2),Retained landing-page attribute from the frozen 69-attribute specification.,Higher/present is better.,1,verified absence (0) unless listed in assumptions.md,,Web appearance
a58_live_chat,B8_service_interact,binary,as scraped (schema Table 2),Retained landing-page attribute from the frozen 69-attribute specification.,Higher/present is better.,1,verified absence (0) unless listed in assumptions.md,,Service interaction quality
a59_feedback_form,B8_service_interact,binary,as scraped (schema Table 2),Retained landing-page attribute from the frozen 69-attribute specification.,Higher/present is better.,1,verified absence (0) unless listed in assumptions.md,,Service interaction quality
a60_trust_seal,B8_service_interact,binary,as scraped (schema Table 2),Retained landing-page attribute from the frozen 69-attribute specification.,Higher/present is better.,1,verified absence (0) unless listed in assumptions.md,"LOWEST TIER: self-promotion signal, trivially gamed",Service interaction quality
a61_testimonials,B8_service_interact,binary,as scraped (schema Table 2),Retained landing-page attribute from the frozen 69-attribute specification.,Higher/present is better.,1,verified absence (0) unless listed in assumptions.md,"LOWEST TIER: self-promotion signal, trivially gamed",Service interaction quality
a63_mobile_score,B9_technical_perf,numeric,as scraped (schema Table 2),Retained landing-page attribute from the frozen 69-attribute specification.,Higher/present is better.,1,verified absence (0) unless listed in assumptions.md,,Functionality
a65_https,B9_technical_perf,binary,as scraped (schema Table 2),Retained landing-page attribute from the frozen 69-attribute specification.,Higher/present is better.,1,verified absence (0) unless listed in assumptions.md,,Functionality
a66_broken_links,B9_technical_perf,numeric,as scraped (schema Table 2),Retained landing-page attribute from the frozen 69-attribute specification.,Lower is better.,-1,verified absence (0) unless listed in assumptions.md,,Functionality
a67_gzip,B9_technical_perf,binary,as scraped (schema Table 2),Retained landing-page attribute from the frozen 69-attribute specification.,Higher/present is better.,1,verified absence (0) unless listed in assumptions.md,,Functionality
a69_title_meta,B10_seo_metadata,binary,as scraped (schema Table 2),Retained landing-page attribute from the frozen 69-attribute specification.,Higher/present is better.,1,verified absence (0) unless listed in assumptions.md,,Functionality
a70_favicon,B10_seo_metadata,binary,as scraped (schema Table 2),Retained landing-page attribute from the frozen 69-attribute specification.,Higher/present is better.,1,verified absence (0) unless listed in assumptions.md,,Functionality
a71_sitemap_robots,B10_seo_metadata,binary,as scraped (schema Table 2),Retained landing-page attribute from the frozen 69-attribute specification.,Higher/present is better.,1,verified absence (0) unless listed in assumptions.md,,Functionality
a72_alt_text_pct,B11_accessibility,numeric,as scraped (schema Table 2),Retained landing-page attribute from the frozen 69-attribute specification.,Higher/present is better.,1,verified absence (0) unless listed in assumptions.md,,Functionality
a73_accessible_design,B11_accessibility,binary,as scraped (schema Table 2),Retained landing-page attribute from the frozen 69-attribute specification.,Higher/present is better.,1,verified absence (0) unless listed in assumptions.md,,Functionality
a74_a11y_toggle,B11_accessibility,binary,as scraped (schema Table 2),Retained landing-page attribute from the frozen 69-attribute specification.,Higher/present is better.,1,verified absence (0) unless listed in assumptions.md,,Functionality
a75_bookmark,B11_accessibility,binary,as scraped (schema Table 2),Retained landing-page attribute from the frozen 69-attribute specification.,Higher/present is better.,1,verified absence (0) unless listed in assumptions.md,"LOWEST TIER: self-promotion signal, trivially gamed",Functionality
