model,seed,fold,spearman,kendall,mae,rmse,r2,best
mean (baseline),0,0,0.0,0.0,2.0995803479166355,2.4785226618681047,-0.0003049749416279557,{}
mean (baseline),0,1,0.0,0.0,1.9776780105274505,2.3300539696782887,-0.0020628485511402506,{}
mean (baseline),0,2,0.0,0.0,2.0808269932083183,2.496436884961868,-0.0003026870630626899,{}
mean (baseline),0,3,0.0,0.0,2.1285643233988174,2.5444174697980295,-0.0007530377030273705,{}
mean (baseline),0,4,0.0,0.0,2.025725088204143,2.4674302302056166,-0.00021024215362253074,{}
mean (baseline),1,0,0.0,0.0,2.049045253243189,2.418543689485379,-0.0012856006849804036,{}
mean (baseline),1,1,0.0,0.0,2.1183424248253537,2.457908058819122,-0.00010973909972067375,{}
mean (baseline),1,2,0.0,0.0,2.122312686606757,2.5710378815490724,-3.2332453048233845e-07,{}
mean (baseline),1,3,0.0,0.0,2.0587963563477105,2.5064840673632474,-0.0009009643770505615,{}
mean (baseline),1,4,0.0,0.0,1.9608518111159292,2.362373543134885,-4.443852981372842e-05,{}
mean (baseline),2,0,0.0,0.0,2.0221024006438597,2.325205730634503,-0.0017908600231268945,{}
mean (baseline),2,1,0.0,0.0,2.0020410602733683,2.3840661268853207,-8.713796918868866e-05,{}
mean (baseline),2,2,0.0,0.0,2.0683645382369447,2.5484696245136487,-8.162949932399854e-05,{}
mean (baseline),2,3,0.0,0.0,2.128304822481719,2.545865733502335,-6.432701736813762e-05,{}
mean (baseline),2,4,0.0,0.0,2.0895868301542255,2.5103046323735017,-0.0022129418836784875,{}
mean (baseline),3,0,0.0,0.0,1.8959561863163557,2.2794286595675675,-0.001696480682232604,{}
mean (baseline),3,1,0.0,0.0,2.0038128479955395,2.3847340177291736,-0.022249058710075653,{}
mean (baseline),3,2,0.0,0.0,2.0842001493854765,2.4791173379416613,-0.0006472631952016972,{}
mean (baseline),3,3,0.0,0.0,2.1625841549459235,2.599555488341068,-0.0012904880912254502,{}
mean (baseline),3,4,0.0,0.0,2.163428301247212,2.5746172030329753,-0.0015607619104867076,{}
mean (baseline),4,0,0.0,0.0,2.016829255943634,2.4368200270023865,-0.003220239609731612,{}
mean (baseline),4,1,0.0,0.0,2.0622758609709697,2.4509890063947837,-0.003087432766687881,{}
mean (baseline),4,2,0.0,0.0,2.1004291735045326,2.5469342479981454,-0.0010895107739428145,{}
mean (baseline),4,3,0.0,0.0,2.1424925654164677,2.5336094371641944,-0.0012397859652197862,{}
mean (baseline),4,4,0.0,0.0,1.995413554604903,2.3530988817583527,-0.005314952576990883,{}
Track A composite,0,0,0.8562178324241179,0.6666716358391629,1.186090660421939,1.5033807749394432,0.6319688108471919,{}
Track A composite,0,1,0.8465127723458282,0.6563416135866218,1.1022937008822058,1.3387430993791947,0.6692061013536463,{}
Track A composite,0,2,0.7539909427102687,0.5780765469836103,1.4333092690580669,1.7824040401500152,0.4900793850387932,{}
Track A composite,0,3,0.85848304423914,0.673508797951695,1.3408975894139654,1.6640918500935669,0.5719398820421606,{}
Track A composite,0,4,0.653407759056454,0.4759462172191978,1.4978951782027858,1.9338993666228388,0.38557443545281944,{}
Track A composite,1,0,0.8063820690768412,0.620339244159221,1.2497746451398666,1.5049963996517546,0.6122774873323443,{}
Track A composite,1,1,0.7909902325628045,0.6229132659192178,1.275095508110233,1.6305994076179688,0.5598396180922819,{}
Track A composite,1,2,0.777569301943858,0.5637107654392921,1.4696972997195903,1.8127738865331917,0.502869438942599,{}
Track A composite,1,3,0.7998123827392122,0.6153846153846155,1.3176662812351645,1.6943073222796763,0.5426532613247866,{}
Track A composite,1,4,0.7697449917923215,0.6045592377612472,1.2245890081827415,1.593163349340592,0.5451766293049605,{}
Track A composite,2,0,0.7195284545650485,0.5575567820566721,1.4220742423661952,1.6887185379864325,0.4715926650348975,{}
Track A composite,2,1,0.8679494151329873,0.687263809919137,1.0986840751005,1.3789753934856703,0.6654089801356118,{}
Track A composite,2,2,0.8562315315015443,0.6709430501499744,1.140648359062404,1.501843767562368,0.6526830009150325,{}
Track A composite,2,3,0.6976918869322205,0.5125250361513208,1.5830990689123887,1.978974445137805,0.3957212573189717,{}
Track A composite,2,4,0.7939576045213084,0.6358393305636686,1.2777884086488853,1.6415823443471123,0.5714194117399162,{}
Track A composite,3,0,0.7511728411483803,0.556198848755694,1.3166184920024513,1.6870514839746225,0.45129260719621744,{}
Track A composite,3,1,0.8149746812659046,0.6204250437621252,1.2278674631754718,1.5142465010116597,0.5878360692148122,{}
Track A composite,3,2,0.8199907050191295,0.6306353311992081,1.2298420658876181,1.5883880442194311,0.5892287254361894,{}
Track A composite,3,3,0.8014078780082805,0.6280613094392113,1.3581262232384181,1.7023556946827487,0.5705995233137222,{}
Track A composite,3,4,0.7727702937117698,0.6142063311700859,1.440745610235704,1.7996072793970732,0.5106636809724461,{}
Track A composite,4,0,0.7476074442006364,0.5690440877569802,1.3840941966871536,1.7378698740398908,0.48974897666909833,{}
Track A composite,4,1,0.8674890951895232,0.6786402935551366,1.1364426944591863,1.4898802388382641,0.6293544566065528,{}
Track A composite,4,2,0.7746482288119197,0.6013028368177732,1.4355277381833123,1.7641282470196102,0.5197164056733186,{}
Track A composite,4,3,0.7831817024644775,0.5890245250136349,1.3210629614472478,1.721249699229237,0.5378887755777052,{}
Track A composite,4,4,0.7920810798119695,0.5921655179592955,1.2754771379922474,1.5500271504661212,0.5637851983590272,{}
B5-content-only,0,0,0.7198312039912501,0.5496888594085223,1.4045148893727577,1.7083486506485384,0.5247745852229404,"{""m__alpha"": 100}"
B5-content-only,0,1,0.77273156857388,0.564633143963583,1.2996979915053466,1.5798554607199156,0.5393217468704983,"{""m__alpha"": 100}"
B5-content-only,0,2,0.7004039680084925,0.5184410592818819,1.448216146019112,1.7663936596654355,0.4991989296054936,"{""m__alpha"": 100}"
B5-content-only,0,3,0.7656799813123035,0.5818893267582665,1.396925745075643,1.7523253146922952,0.5253432628797807,"{""m__alpha"": 100}"
B5-content-only,0,4,0.720101842671361,0.5339555049461775,1.4610130076925734,1.82048584741037,0.455527249913215,"{""m__alpha"": 100}"
B5-content-only,1,0,0.7921439583134663,0.6433347485269293,1.1949573504765247,1.4998256782734183,0.6149371098107304,"{""m__alpha"": 100}"
B5-content-only,1,1,0.6234460820757575,0.43288455434334616,1.6197651500678223,1.9406368696489573,0.3765452389866688,"{""m__alpha"": 100}"
B5-content-only,1,2,0.7701403315019878,0.555060371301446,1.5431481026773053,1.8401450459819364,0.4877437063539444,"{""m__alpha"": 100}"
B5-content-only,1,3,0.6749971926781541,0.5094281975079227,1.4126218548892353,1.8250438083473544,0.4693504522090842,"{""m__alpha"": 100}"
B5-content-only,1,4,0.7724010363119467,0.5729151492426852,1.302718547870088,1.6099858650540984,0.5355207846224561,"{""m__alpha"": 100}"
B5-content-only,2,0,0.6494533356803041,0.45797479388027973,1.5089462959536855,1.7892492192627651,0.40680706686770896,"{""m__alpha"": 100}"
B5-content-only,2,1,0.6589405882547774,0.4813420691193956,1.4062750728682596,1.7271498099830735,0.47511850026050995,"{""m__alpha"": 100}"
B5-content-only,2,2,0.7762763309675355,0.5756658607233094,1.275989480574129,1.6861792269231173,0.5621916946461503,"{""m__alpha"": 100}"
B5-content-only,2,3,0.755571945858738,0.5592249655308063,1.5295272670076003,1.8322667425306267,0.4819945342278249,"{""m__alpha"": 100}"
B5-content-only,2,4,0.7846381578029935,0.6244564379879025,1.2933552277705058,1.5977504366566317,0.5940009275128684,"{""m__alpha"": 100}"
B5-content-only,3,0,0.6602440930404276,0.48899671404554224,1.412570142913123,1.7426214605301997,0.4145494001405259,"{""m__alpha"": 100}"
B5-content-only,3,1,0.6585619581680869,0.4816131767739327,1.398866767308867,1.7603775577926855,0.4429573192226558,"{""m__alpha"": 100}"
B5-content-only,3,2,0.8448433012073695,0.6477281064843461,1.225466562022034,1.4531145463279775,0.6562152980307145,"{""m__alpha"": 100}"
B5-content-only,3,3,0.6658219779660155,0.5196734815761946,1.5085769117459686,1.909528232113769,0.45972599277854165,"{""m__alpha"": 100}"
B5-content-only,3,4,0.7693896159357619,0.5817289177592695,1.4765633616123888,1.8035835135611054,0.5084989138676959,"{""m__alpha"": 100}"
B5-content-only,4,0,0.6729896693362919,0.49710743447175365,1.5121539576816088,1.9087503395572618,0.38447226087700204,"{""m__alpha"": 100}"
B5-content-only,4,1,0.7081907411202388,0.5213011718334343,1.4652674236759295,1.7873759345496407,0.4665571784384459,"{""m__alpha"": 100}"
B5-content-only,4,2,0.7730130736990435,0.5800673073521091,1.4867104233176707,1.7604619016525136,0.5217106549359443,"{""m__alpha"": 100}"
B5-content-only,4,3,0.7260867051412844,0.5496888594085223,1.4659144176327559,1.8196423594146316,0.4835469589057285,"{""m__alpha"": 100}"
B5-content-only,4,4,0.8417448538924281,0.6390947688611813,1.14083090108176,1.3794509785439852,0.6545109157376994,"{""m__alpha"": 100}"
B9-technical-only,0,0,0.22213883677298316,0.1717948717948718,2.0640163049725784,2.4082804477878303,0.05558960212762798,"{""m__alpha"": 100}"
B9-technical-only,0,1,0.10544090056285181,0.05641025641025641,1.9436806293337656,2.315988270265545,0.009998822668767726,"{""m__alpha"": 100}"
B9-technical-only,0,2,0.2771106941838649,0.18461538461538463,1.9341356140240922,2.3618355310536843,0.1046567627677576,"{""m__alpha"": 100}"
B9-technical-only,0,3,0.16848030018761728,0.12820512820512822,2.0455335108674055,2.466459442789481,0.059631362063388704,"{""m__alpha"": 10}"
B9-technical-only,0,4,0.4135084427767355,0.30512820512820515,1.8622624543837447,2.3043737976095238,0.12761660309891976,"{""m__alpha"": 100}"
B9-technical-only,1,0,0.3191369606003753,0.2230769230769231,1.8928051314927905,2.244857853845775,0.13736358114921676,"{""m__alpha"": 1}"
B9-technical-only,1,1,0.19681050656660415,0.13333333333333333,2.1007238123094694,2.4278728543182333,0.02418325089347606,"{""m__alpha"": 100}"
B9-technical-only,1,2,0.3120075046904316,0.2205128205128205,2.074917337890806,2.5147470712390323,0.04330872914852302,"{""m__alpha"": 100}"
B9-technical-only,1,3,0.1782363977485929,0.11794871794871795,2.053450133350604,2.4803051119419757,0.01989765623614448,"{""m__alpha"": 100}"
B9-technical-only,1,4,0.3196998123827393,0.2230769230769231,1.7939521417661908,2.185086116798795,0.1444226595577418,"{""m__alpha"": 100}"
B9-technical-only,2,0,0.33902439024390246,0.2358974358974359,1.9033569123095464,2.206073309064477,0.09823333676453261,"{""m__alpha"": 100}"
B9-technical-only,2,1,-0.16791744840525333,-0.09230769230769231,2.0852379194477257,2.4883953079989016,-0.08953201191274052,"{""m__alpha"": 100}"
B9-technical-only,2,2,0.33583489681050666,0.21282051282051284,1.9645025190636773,2.4250174050709172,0.09446290295982895,"{""m__alpha"": 100}"
B9-technical-only,2,3,-0.08499061913696061,-0.05384615384615385,2.156422037292432,2.5869143948079407,-0.03257370079735189,"{""m__alpha"": 100}"
B9-technical-only,2,4,0.47560975609756106,0.30512820512820515,1.9296293645338491,2.317968608889877,0.14547996016413267,"{""m__alpha"": 100}"
B9-technical-only,3,0,0.3827392120075047,0.2743589743589744,1.816266892551863,2.1957410226803047,0.07050647077328598,"{""m__alpha"": 100}"
B9-technical-only,3,1,0.21726078799249532,0.13589743589743591,1.904305647707509,2.303341118812861,0.04634048376215949,"{""m__alpha"": 100}"
B9-technical-only,3,2,0.06904315196998126,0.05641025641025641,2.121489497904689,2.488390092348856,-0.008146794623563824,"{""m__alpha"": 100}"
B9-technical-only,3,3,0.49681050656660425,0.33076923076923076,2.045667582541429,2.471053224491742,0.09525517809468409,"{""m__alpha"": 100}"
B9-technical-only,3,4,0.17204502814258915,0.1076923076923077,2.1227258465985797,2.5411129686251868,0.024336824833047332,"{""m__alpha"": 100}"
B9-technical-only,4,0,0.4052532833020638,0.2794871794871795,1.9400117729784974,2.3190385083960963,0.09141555919090949,"{""m__alpha"": 100}"
B9-technical-only,4,1,0.20694183864915575,0.13076923076923078,1.983227073589441,2.416975091242195,0.024560333759465314,"{""m__alpha"": 100}"
B9-technical-only,4,2,0.09549718574108819,0.05897435897435897,2.0777649825013866,2.5206368617652064,0.019476491564795917,"{""m__alpha"": 100}"
B9-technical-only,4,3,0.27767354596622895,0.19487179487179487,2.017608521051107,2.4260869930504727,0.08193907823445057,"{""m__alpha"": 10}"
B9-technical-only,4,4,0.20675422138836774,0.16410256410256413,2.027474481604752,2.320110672976461,0.0226745884981282,"{""m__alpha"": 100}"
Ridge,0,0,0.8157598499061914,0.6230769230769232,1.3219207005793299,1.5108246564575922,0.6283152281612234,"{""m__alpha"": 30}"
Ridge,0,1,0.8984990619136962,0.7102564102564103,0.9511735960449641,1.156713592039328,0.7530467888434118,"{""m__alpha"": 100}"
Ridge,0,2,0.8949343339587243,0.717948717948718,1.0149953552126196,1.2851273001926606,0.7349165873270564,"{""m__alpha"": 100}"
Ridge,0,3,0.8146341463414635,0.6076923076923076,1.3137226423765735,1.6064782017007544,0.6010671004977719,"{""m__alpha"": 30}"
Ridge,0,4,0.8176360225140713,0.6333333333333333,1.111571025932027,1.4242623991798173,0.6667412562955032,"{""m__alpha"": 30}"
Ridge,1,0,0.8632270168855536,0.6897435897435897,1.0713054139089941,1.3222708059022108,0.700710889646587,"{""m__alpha"": 100}"
Ridge,1,1,0.8474671669793623,0.6564102564102565,1.106996138870071,1.441449147142797,0.6560343766024661,"{""m__alpha"": 100}"
Ridge,1,2,0.854596622889306,0.6666666666666667,1.2314849589548995,1.4610346014688769,0.6770731233787803,"{""m__alpha"": 100}"
Ridge,1,3,0.8288930581613511,0.635897435897436,1.2545346563310784,1.598680370863724,0.5928218206096204,"{""m__alpha"": 100}"
Ridge,1,4,0.8407129455909944,0.6512820512820513,1.0470949315614866,1.2995251309895632,0.6973842527532963,"{""m__alpha"": 100}"
Ridge,2,0,0.8178236397748594,0.6128205128205129,1.0998661843174005,1.3557540760471907,0.6594223587339686,"{""m__alpha"": 30}"
Ridge,2,1,0.8956848030018764,0.7230769230769231,1.0684697851689307,1.330352046384493,0.6885886685649736,"{""m__alpha"": 100}"
Ridge,2,2,0.852532833020638,0.6564102564102565,1.100106964889608,1.3984033828130071,0.698878712653852,"{""m__alpha"": 100}"
Ridge,2,3,0.8673545966228894,0.6897435897435897,1.1730197313968571,1.4951261515004985,0.6550845722375553,"{""m__alpha"": 100}"
Ridge,2,4,0.877298311444653,0.694871794871795,1.0946596172231575,1.3259901879725038,0.720367418250401,"{""m__alpha"": 30}"
Ridge,3,0,0.84859287054409,0.6461538461538462,1.1999843527716245,1.4257480469678723,0.6081050115058975,"{""m__alpha"": 30}"
Ridge,3,1,0.8508442776735461,0.6743589743589744,1.0425046509902922,1.3302284504910953,0.6819251801447899,"{""m__alpha"": 100}"
Ridge,3,2,0.8493433395872422,0.6743589743589744,1.0811877755643464,1.3179088066401243,0.7172142201534791,"{""m__alpha"": 30}"
Ridge,3,3,0.8671669793621014,0.6871794871794872,1.172404819253634,1.5186896201255018,0.658256741714591,"{""m__alpha"": 100}"
Ridge,3,4,0.8474671669793623,0.6435897435897436,1.1520878841423083,1.4592674260242198,0.6782476373192305,"{""m__alpha"": 30}"
Ridge,4,0,0.8382739212007506,0.6410256410256411,1.1567096275034343,1.3913890388928702,0.6729256173895828,"{""m__alpha"": 100}"
Ridge,4,1,0.8953095684803002,0.7076923076923077,1.0262179571004273,1.3439094342831925,0.6984244918904772,"{""m__alpha"": 100}"
Ridge,4,2,0.8352720450281428,0.6717948717948719,1.0854186992899937,1.4475773284910507,0.6766141673855481,"{""m__alpha"": 30}"
Ridge,4,3,0.8401500938086305,0.6461538461538462,1.0860600198955805,1.380759859252313,0.7026314271254754,"{""m__alpha"": 30}"
Ridge,4,4,0.9046904315196999,0.7333333333333334,1.0340245262166836,1.258800643919081,0.7123027570574421,"{""m__alpha"": 100}"
RandomForest,0,0,0.8484052532833022,0.6871794871794872,1.0966631083410743,1.343342296808962,0.7061538404777035,"{""m__max_depth"": null, ""m__max_features"": 0.3, ""m__min_samples_leaf"": 1, ""m__n_estimators"": 400}"
RandomForest,0,1,0.9146341463414636,0.7333333333333334,0.8271874326377556,1.0116977009304156,0.8110858336229134,"{""m__max_depth"": 8, ""m__max_features"": 0.6, ""m__min_samples_leaf"": 1, ""m__n_estimators"": 400}"
RandomForest,0,2,0.8174484052532833,0.6384615384615385,1.069117759980994,1.3976181708703577,0.6864784981217917,"{""m__max_depth"": 8, ""m__max_features"": 0.6, ""m__min_samples_leaf"": 1, ""m__n_estimators"": 400}"
RandomForest,0,3,0.8712945590994372,0.6897435897435897,1.0775342295784924,1.4175964683819116,0.6893613967851485,"{""m__max_depth"": 8, ""m__max_features"": 0.6, ""m__min_samples_leaf"": 1, ""m__n_estimators"": 400}"
RandomForest,0,4,0.8341463414634148,0.6717948717948719,1.1391426054315084,1.4217225483273455,0.6679287801653687,"{""m__max_depth"": 8, ""m__max_features"": 0.6, ""m__min_samples_leaf"": 1, ""m__n_estimators"": 400}"
RandomForest,1,0,0.8947467166979364,0.7410256410256411,0.8983953006516583,1.140593674514751,0.7773042063113468,"{""m__max_depth"": null, ""m__max_features"": 0.3, ""m__min_samples_leaf"": 1, ""m__n_estimators"": 400}"
RandomForest,1,1,0.8050656660412758,0.6025641025641026,1.1494733060047935,1.4367162468665509,0.6582894438137468,"{""m__max_depth"": null, ""m__max_features"": 0.6, ""m__min_samples_leaf"": 1, ""m__n_estimators"": 400}"
RandomForest,1,2,0.8654784240150095,0.6692307692307692,1.1239786178007605,1.369880660365712,0.7161109390847353,"{""m__max_depth"": 8, ""m__max_features"": 0.6, ""m__min_samples_leaf"": 1, ""m__n_estimators"": 400}"
RandomForest,1,3,0.7825515947467168,0.6128205128205129,1.1577026499295917,1.490512404211657,0.6460577557618887,"{""m__max_depth"": 8, ""m__max_features"": 0.6, ""m__min_samples_leaf"": 1, ""m__n_estimators"": 400}"
RandomForest,1,4,0.9234521575984992,0.7615384615384616,0.863582887755317,1.1378020810631473,0.7680172960930595,"{""m__max_depth"": null, ""m__max_features"": 0.6, ""m__min_samples_leaf"": 1, ""m__n_estimators"": 400}"
RandomForest,2,0,0.7926829268292683,0.6153846153846155,1.0409262686955392,1.417146744103102,0.6278792030320652,"{""m__max_depth"": null, ""m__max_features"": 0.6, ""m__min_samples_leaf"": 1, ""m__n_estimators"": 400}"
RandomForest,2,1,0.8600375234521578,0.6717948717948719,0.9904977231491401,1.226330333419958,0.7353839460529574,"{""m__max_depth"": null, ""m__max_features"": 0.6, ""m__min_samples_leaf"": 1, ""m__n_estimators"": 400}"
RandomForest,2,2,0.8849906191369608,0.7051282051282052,0.9836827007096451,1.27291189230717,0.7504984691844819,"{""m__max_depth"": 8, ""m__max_features"": 0.6, ""m__min_samples_leaf"": 1, ""m__n_estimators"": 400}"
RandomForest,2,3,0.8566604127579738,0.6743589743589744,1.1783709928006805,1.4141969048142042,0.6914136515164812,"{""m__max_depth"": null, ""m__max_features"": 0.6, ""m__min_samples_leaf"": 1, ""m__n_estimators"": 400}"
RandomForest,2,4,0.8581613508442778,0.6794871794871795,1.0489279373223919,1.2547383404647274,0.7496120127626404,"{""m__max_depth"": 8, ""m__max_features"": 0.6, ""m__min_samples_leaf"": 1, ""m__n_estimators"": 400}"
RandomForest,3,0,0.8172607879924956,0.6384615384615385,0.9874987719398476,1.3050146640476505,0.6716667068836238,"{""m__max_depth"": null, ""m__max_features"": 0.6, ""m__min_samples_leaf"": 1, ""m__n_estimators"": 400}"
RandomForest,3,1,0.847842401500938,0.6410256410256411,1.11890422939219,1.262988695721208,0.7132682716733929,"{""m__max_depth"": 8, ""m__max_features"": 0.6, ""m__min_samples_leaf"": 1, ""m__n_estimators"": 400}"
RandomForest,3,2,0.9084427767354597,0.7666666666666667,0.9730816112427579,1.1989953339398867,0.7659428930902834,"{""m__max_depth"": null, ""m__max_features"": 0.3, ""m__min_samples_leaf"": 1, ""m__n_estimators"": 400}"
RandomForest,3,3,0.8416510318949344,0.6692307692307692,1.1493906970986152,1.5154601858446233,0.6597086038436353,"{""m__max_depth"": 8, ""m__max_features"": 0.3, ""m__min_samples_leaf"": 1, ""m__n_estimators"": 400}"
RandomForest,3,4,0.8823639774859289,0.6846153846153847,1.1018899802483586,1.4030403611949076,0.7025648455341962,"{""m__max_depth"": null, ""m__max_features"": 0.6, ""m__min_samples_leaf"": 1, ""m__n_estimators"": 400}"
RandomForest,4,0,0.7759849906191371,0.5871794871794872,1.2855943971265902,1.6273110704167169,0.5526056114885258,"{""m__max_depth"": null, ""m__max_features"": 0.6, ""m__min_samples_leaf"": 3, ""m__n_estimators"": 400}"
RandomForest,4,1,0.854596622889306,0.6769230769230771,0.9520319640254058,1.296296226150921,0.7194149185073211,"{""m__max_depth"": null, ""m__max_features"": 0.6, ""m__min_samples_leaf"": 1, ""m__n_estimators"": 400}"
RandomForest,4,2,0.8662288930581616,0.7051282051282052,1.0972280742616072,1.4113074357862496,0.6926163921216231,"{""m__max_depth"": null, ""m__max_features"": 0.6, ""m__min_samples_leaf"": 1, ""m__n_estimators"": 400}"
RandomForest,4,3,0.8953095684803002,0.6897435897435897,0.9895718369464326,1.3024758435576749,0.7353949567267031,"{""m__max_depth"": null, ""m__max_features"": 0.3, ""m__min_samples_leaf"": 1, ""m__n_estimators"": 400}"
RandomForest,4,4,0.8814258911819888,0.7000000000000001,0.9213350498834085,1.1307229859122163,0.7678684192546208,"{""m__max_depth"": null, ""m__max_features"": 0.6, ""m__min_samples_leaf"": 1, ""m__n_estimators"": 400}"
LightGBM,0,0,0.8966228893058164,0.7435897435897436,0.8838088125550543,1.1259605868549152,0.7935603957167557,"{""m__colsample_bytree"": 0.6, ""m__learning_rate"": 0.05, ""m__min_child_samples"": 5, ""m__n_estimators"": 400, ""m__num_leaves"": 7, ""m__reg_lambda"": 10.0}"
LightGBM,0,1,0.9127579737335836,0.7282051282051283,0.710757200730054,0.8602243342337526,0.8634202077728083,"{""m__colsample_bytree"": 0.6, ""m__learning_rate"": 0.05, ""m__min_child_samples"": 15, ""m__n_estimators"": 200, ""m__num_leaves"": 7, ""m__reg_lambda"": 1.0}"
LightGBM,0,2,0.8949343339587243,0.7076923076923077,0.9143358151348078,1.1901006224889505,0.7726695462492617,"{""m__colsample_bytree"": 0.6, ""m__learning_rate"": 0.05, ""m__min_child_samples"": 5, ""m__n_estimators"": 200, ""m__num_leaves"": 15, ""m__reg_lambda"": 1.0}"
LightGBM,0,3,0.901688555347092,0.7435897435897436,0.9540972966600432,1.2610634403035779,0.7541761309043997,"{""m__colsample_bytree"": 0.6, ""m__learning_rate"": 0.02, ""m__min_child_samples"": 5, ""m__n_estimators"": 400, ""m__num_leaves"": 7, ""m__reg_lambda"": 1.0}"
LightGBM,0,4,0.8574108818011259,0.6923076923076924,1.0697947163102155,1.2783567969527598,0.7315238541165954,"{""m__colsample_bytree"": 0.6, ""m__learning_rate"": 0.05, ""m__min_child_samples"": 5, ""m__n_estimators"": 200, ""m__num_leaves"": 7, ""m__reg_lambda"": 1.0}"
LightGBM,1,0,0.877861163227017,0.7205128205128206,0.8357509303206397,1.0694777287889148,0.8042086112895069,"{""m__colsample_bytree"": 0.6, ""m__learning_rate"": 0.02, ""m__min_child_samples"": 5, ""m__n_estimators"": 400, ""m__num_leaves"": 7, ""m__reg_lambda"": 1.0}"
LightGBM,1,1,0.8652908067542214,0.6717948717948719,1.0292010372300902,1.2261321737172164,0.7511194451096905,"{""m__colsample_bytree"": 0.6, ""m__learning_rate"": 0.02, ""m__min_child_samples"": 5, ""m__n_estimators"": 400, ""m__num_leaves"": 7, ""m__reg_lambda"": 1.0}"
LightGBM,1,2,0.8763602251407131,0.6743589743589744,1.064959184675427,1.3384357258021211,0.7289944218836002,"{""m__colsample_bytree"": 0.6, ""m__learning_rate"": 0.05, ""m__min_child_samples"": 5, ""m__n_estimators"": 200, ""m__num_leaves"": 7, ""m__reg_lambda"": 1.0}"
LightGBM,1,3,0.8320825515947469,0.6538461538461539,1.0679428472737436,1.357035483673861,0.7066111407923095,"{""m__colsample_bytree"": 0.6, ""m__learning_rate"": 0.05, ""m__min_child_samples"": 15, ""m__n_estimators"": 400, ""m__num_leaves"": 7, ""m__reg_lambda"": 1.0}"
LightGBM,1,4,0.9166979362101316,0.7564102564102565,0.7342959033215959,1.0011931396104947,0.8203786778883901,"{""m__colsample_bytree"": 0.6, ""m__learning_rate"": 0.02, ""m__min_child_samples"": 5, ""m__n_estimators"": 400, ""m__num_leaves"": 7, ""m__reg_lambda"": 10.0}"
LightGBM,2,0,0.8592870544090058,0.6717948717948719,0.8986619187871672,1.2284505241382093,0.7203790958522152,"{""m__colsample_bytree"": 0.6, ""m__learning_rate"": 0.05, ""m__min_child_samples"": 5, ""m__n_estimators"": 400, ""m__num_leaves"": 7, ""m__reg_lambda"": 1.0}"
LightGBM,2,1,0.9157598499061914,0.7641025641025642,0.7850929005220373,0.9702580845391496,0.8343559701636563,"{""m__colsample_bytree"": 0.6, ""m__learning_rate"": 0.02, ""m__min_child_samples"": 5, ""m__n_estimators"": 400, ""m__num_leaves"": 7, ""m__reg_lambda"": 1.0}"
LightGBM,2,2,0.8887429643527206,0.7025641025641026,0.9303466578120567,1.1670603901887748,0.7902687305349049,"{""m__colsample_bytree"": 0.6, ""m__learning_rate"": 0.05, ""m__min_child_samples"": 5, ""m__n_estimators"": 400, ""m__num_leaves"": 7, ""m__reg_lambda"": 1.0}"
LightGBM,2,3,0.8971857410881803,0.7102564102564103,1.0576786365132267,1.2401784687996131,0.7626849293275897,"{""m__colsample_bytree"": 0.6, ""m__learning_rate"": 0.02, ""m__min_child_samples"": 5, ""m__n_estimators"": 400, ""m__num_leaves"": 7, ""m__reg_lambda"": 1.0}"
LightGBM,2,4,0.8848030018761728,0.7025641025641026,0.904399854538098,1.140060940902872,0.7932891441345704,"{""m__colsample_bytree"": 0.6, ""m__learning_rate"": 0.02, ""m__min_child_samples"": 5, ""m__n_estimators"": 400, ""m__num_leaves"": 7, ""m__reg_lambda"": 1.0}"
LightGBM,3,0,0.8253283302063791,0.6461538461538462,1.0960038860211843,1.2882298345870038,0.6800583023062231,"{""m__colsample_bytree"": 0.6, ""m__learning_rate"": 0.05, ""m__min_child_samples"": 15, ""m__n_estimators"": 400, ""m__num_leaves"": 7, ""m__reg_lambda"": 10.0}"
LightGBM,3,1,0.85328330206379,0.6717948717948719,1.0369099203652508,1.2418415862228644,0.7227897886184471,"{""m__colsample_bytree"": 0.6, ""m__learning_rate"": 0.05, ""m__min_child_samples"": 5, ""m__n_estimators"": 200, ""m__num_leaves"": 15, ""m__reg_lambda"": 10.0}"
LightGBM,3,2,0.9187617260787994,0.7589743589743589,0.8509223067655082,1.0562810763297612,0.8183456319945922,"{""m__colsample_bytree"": 0.6, ""m__learning_rate"": 0.05, ""m__min_child_samples"": 5, ""m__n_estimators"": 200, ""m__num_leaves"": 7, ""m__reg_lambda"": 1.0}"
LightGBM,3,3,0.8636022514071295,0.694871794871795,1.0056162441626346,1.3497236910131893,0.7300696932072401,"{""m__colsample_bytree"": 0.6, ""m__learning_rate"": 0.05, ""m__min_child_samples"": 5, ""m__n_estimators"": 200, ""m__num_leaves"": 7, ""m__reg_lambda"": 1.0}"
LightGBM,3,4,0.8797373358348969,0.6871794871794872,1.062524852208036,1.3946996559678697,0.7060906814381533,"{""m__colsample_bytree"": 0.6, ""m__learning_rate"": 0.02, ""m__min_child_samples"": 5, ""m__n_estimators"": 400, ""m__num_leaves"": 7, ""m__reg_lambda"": 1.0}"
LightGBM,4,0,0.8480300187617262,0.6589743589743591,1.0899994780851798,1.3696408785098473,0.683070406290063,"{""m__colsample_bytree"": 0.6, ""m__learning_rate"": 0.02, ""m__min_child_samples"": 5, ""m__n_estimators"": 400, ""m__num_leaves"": 15, ""m__reg_lambda"": 1.0}"
LightGBM,4,1,0.8988742964352722,0.7282051282051283,0.8651934395331203,1.1456066428550835,0.78085724897483,"{""m__colsample_bytree"": 0.6, ""m__learning_rate"": 0.02, ""m__min_child_samples"": 5, ""m__n_estimators"": 400, ""m__num_leaves"": 7, ""m__reg_lambda"": 1.0}"
LightGBM,4,2,0.8699812382739214,0.717948717948718,0.9924316217521273,1.359784550771353,0.714650149353649,"{""m__colsample_bytree"": 0.6, ""m__learning_rate"": 0.05, ""m__min_child_samples"": 5, ""m__n_estimators"": 200, ""m__num_leaves"": 7, ""m__reg_lambda"": 1.0}"
LightGBM,4,3,0.8958724202626643,0.7051282051282052,0.998803816433955,1.2194531149743595,0.7680528837169542,"{""m__colsample_bytree"": 0.6, ""m__learning_rate"": 0.05, ""m__min_child_samples"": 5, ""m__n_estimators"": 200, ""m__num_leaves"": 7, ""m__reg_lambda"": 1.0}"
LightGBM,4,4,0.8947467166979364,0.7102564102564103,0.8695753506151712,1.054892119143962,0.7979597566917962,"{""m__colsample_bytree"": 0.6, ""m__learning_rate"": 0.02, ""m__min_child_samples"": 5, ""m__n_estimators"": 400, ""m__num_leaves"": 7, ""m__reg_lambda"": 1.0}"
LightGBM+mono,0,0,0.8968105065666041,0.7384615384615385,0.8749137749955473,1.0994606323936746,0.8031633307951841,"{""m__colsample_bytree"": 0.6, ""m__learning_rate"": 0.05, ""m__min_child_samples"": 5, ""m__n_estimators"": 200, ""m__num_leaves"": 15, ""m__reg_lambda"": 1.0}"
LightGBM+mono,0,1,0.9133208255159476,0.735897435897436,0.7131886735614301,0.8835696910274251,0.8559064238597313,"{""m__colsample_bytree"": 0.6, ""m__learning_rate"": 0.05, ""m__min_child_samples"": 5, ""m__n_estimators"": 200, ""m__num_leaves"": 15, ""m__reg_lambda"": 10.0}"
LightGBM+mono,0,2,0.8893058161350845,0.7153846153846154,0.9030137156880944,1.1972816087085678,0.7699178765306416,"{""m__colsample_bytree"": 0.6, ""m__learning_rate"": 0.02, ""m__min_child_samples"": 5, ""m__n_estimators"": 400, ""m__num_leaves"": 7, ""m__reg_lambda"": 1.0}"
LightGBM+mono,0,3,0.8908067542213884,0.735897435897436,0.9792233988800533,1.3061024168985935,0.7363033298461354,"{""m__colsample_bytree"": 0.6, ""m__learning_rate"": 0.02, ""m__min_child_samples"": 5, ""m__n_estimators"": 400, ""m__num_leaves"": 15, ""m__reg_lambda"": 1.0}"
LightGBM+mono,0,4,0.8547842401500939,0.6794871794871795,1.062681301100278,1.2797710660307924,0.730929485556417,"{""m__colsample_bytree"": 0.6, ""m__learning_rate"": 0.02, ""m__min_child_samples"": 5, ""m__n_estimators"": 400, ""m__num_leaves"": 15, ""m__reg_lambda"": 1.0}"
LightGBM+mono,1,0,0.9163227016885555,0.7487179487179487,0.8475548995636352,1.0348816991061889,0.8166708560792764,"{""m__colsample_bytree"": 0.6, ""m__learning_rate"": 0.02, ""m__min_child_samples"": 5, ""m__n_estimators"": 400, ""m__num_leaves"": 7, ""m__reg_lambda"": 1.0}"
LightGBM+mono,1,1,0.854596622889306,0.6666666666666667,1.0535227694887255,1.2855334361503896,0.7264207571342614,"{""m__colsample_bytree"": 0.6, ""m__learning_rate"": 0.02, ""m__min_child_samples"": 5, ""m__n_estimators"": 400, ""m__num_leaves"": 15, ""m__reg_lambda"": 1.0}"
LightGBM+mono,1,2,0.876923076923077,0.6820512820512821,1.0229741831221322,1.3184238448223031,0.7370378225126386,"{""m__colsample_bytree"": 0.6, ""m__learning_rate"": 0.02, ""m__min_child_samples"": 5, ""m__n_estimators"": 400, ""m__num_leaves"": 7, ""m__reg_lambda"": 1.0}"
LightGBM+mono,1,3,0.8452157598499064,0.6769230769230771,1.0162395405899254,1.3024998742355407,0.7297183315883589,"{""m__colsample_bytree"": 0.6, ""m__learning_rate"": 0.02, ""m__min_child_samples"": 5, ""m__n_estimators"": 400, ""m__num_leaves"": 7, ""m__reg_lambda"": 1.0}"
LightGBM+mono,1,4,0.9108818011257037,0.7435897435897436,0.7529861835751376,1.0126963129785402,0.8162274607453222,"{""m__colsample_bytree"": 0.6, ""m__learning_rate"": 0.02, ""m__min_child_samples"": 5, ""m__n_estimators"": 400, ""m__num_leaves"": 7, ""m__reg_lambda"": 10.0}"
LightGBM+mono,2,0,0.8455909943714822,0.6743589743589744,0.9425736228088066,1.2919944213957955,0.6907030961114482,"{""m__colsample_bytree"": 0.6, ""m__learning_rate"": 0.05, ""m__min_child_samples"": 5, ""m__n_estimators"": 400, ""m__num_leaves"": 15, ""m__reg_lambda"": 10.0}"
LightGBM+mono,2,1,0.9007504690431521,0.7307692307692307,0.7976653748353886,0.9958310654248191,0.8255091783400742,"{""m__colsample_bytree"": 0.6, ""m__learning_rate"": 0.02, ""m__min_child_samples"": 5, ""m__n_estimators"": 400, ""m__num_leaves"": 7, ""m__reg_lambda"": 1.0}"
LightGBM+mono,2,2,0.8996247654784242,0.712820512820513,0.9261573460118562,1.1753502357102452,0.7872786286010759,"{""m__colsample_bytree"": 0.6, ""m__learning_rate"": 0.02, ""m__min_child_samples"": 5, ""m__n_estimators"": 400, ""m__num_leaves"": 15, ""m__reg_lambda"": 1.0}"
LightGBM+mono,2,3,0.9011257035647281,0.717948717948718,1.0152950002585146,1.2154442429471302,0.7720565976147112,"{""m__colsample_bytree"": 0.6, ""m__learning_rate"": 0.02, ""m__min_child_samples"": 5, ""m__n_estimators"": 400, ""m__num_leaves"": 7, ""m__reg_lambda"": 1.0}"
LightGBM+mono,2,4,0.8476547842401503,0.6717948717948719,1.0813068247634563,1.3435356391920703,0.7129182836786124,"{""m__colsample_bytree"": 0.6, ""m__learning_rate"": 0.05, ""m__min_child_samples"": 5, ""m__n_estimators"": 400, ""m__num_leaves"": 15, ""m__reg_lambda"": 1.0}"
LightGBM+mono,3,0,0.8420262664165103,0.6538461538461539,1.0606295053444417,1.2925731004984669,0.6778972991438293,"{""m__colsample_bytree"": 0.6, ""m__learning_rate"": 0.05, ""m__min_child_samples"": 5, ""m__n_estimators"": 200, ""m__num_leaves"": 7, ""m__reg_lambda"": 1.0}"
LightGBM+mono,3,1,0.8825515947467168,0.7102564102564103,0.9114659073342686,1.1088346558914557,0.7789907719151135,"{""m__colsample_bytree"": 0.6, ""m__learning_rate"": 0.02, ""m__min_child_samples"": 5, ""m__n_estimators"": 400, ""m__num_leaves"": 15, ""m__reg_lambda"": 10.0}"
LightGBM+mono,3,2,0.9090056285178238,0.7512820512820513,0.9111180437877344,1.094077761752961,0.8051128395417068,"{""m__colsample_bytree"": 0.6, ""m__learning_rate"": 0.05, ""m__min_child_samples"": 5, ""m__n_estimators"": 200, ""m__num_leaves"": 7, ""m__reg_lambda"": 1.0}"
LightGBM+mono,3,3,0.8831144465290809,0.7051282051282052,0.9831376317566767,1.341282632556055,0.7334353787149338,"{""m__colsample_bytree"": 0.6, ""m__learning_rate"": 0.05, ""m__min_child_samples"": 5, ""m__n_estimators"": 200, ""m__num_leaves"": 15, ""m__reg_lambda"": 1.0}"
LightGBM+mono,3,4,0.8754221388367731,0.6897435897435897,1.021449722226727,1.3915484369962994,0.7074173130293024,"{""m__colsample_bytree"": 0.6, ""m__learning_rate"": 0.02, ""m__min_child_samples"": 5, ""m__n_estimators"": 400, ""m__num_leaves"": 15, ""m__reg_lambda"": 1.0}"
LightGBM+mono,4,0,0.831144465290807,0.6384615384615385,1.1075391090916766,1.3779365213572625,0.6792196205373249,"{""m__colsample_bytree"": 0.6, ""m__learning_rate"": 0.02, ""m__min_child_samples"": 5, ""m__n_estimators"": 400, ""m__num_leaves"": 7, ""m__reg_lambda"": 10.0}"
LightGBM+mono,4,1,0.8915572232645405,0.7102564102564103,0.8835473832941613,1.1475679837415071,0.7801062380193763,"{""m__colsample_bytree"": 0.6, ""m__learning_rate"": 0.05, ""m__min_child_samples"": 5, ""m__n_estimators"": 200, ""m__num_leaves"": 7, ""m__reg_lambda"": 1.0}"
LightGBM+mono,4,2,0.8707317073170734,0.7282051282051283,0.9310950246871375,1.2742908086137694,0.7494037628663255,"{""m__colsample_bytree"": 0.6, ""m__learning_rate"": 0.02, ""m__min_child_samples"": 5, ""m__n_estimators"": 400, ""m__num_leaves"": 7, ""m__reg_lambda"": 1.0}"
LightGBM+mono,4,3,0.9106941838649157,0.712820512820513,0.9493963295364718,1.1370170794020567,0.79835254765352,"{""m__colsample_bytree"": 0.6, ""m__learning_rate"": 0.05, ""m__min_child_samples"": 5, ""m__n_estimators"": 200, ""m__num_leaves"": 15, ""m__reg_lambda"": 10.0}"
LightGBM+mono,4,4,0.8960600375234522,0.7153846153846154,0.9105769628340147,1.1270648572087956,0.7693679794316993,"{""m__colsample_bytree"": 0.6, ""m__learning_rate"": 0.02, ""m__min_child_samples"": 5, ""m__n_estimators"": 400, ""m__num_leaves"": 7, ""m__reg_lambda"": 1.0}"
LightGBM+labelwt,0,0,0.8964352720450284,0.7307692307692307,0.9173622712299629,1.1683962072740732,0.7777064213303673,"{""m__colsample_bytree"": 0.6, ""m__learning_rate"": 0.05, ""m__min_child_samples"": 5, ""m__n_estimators"": 400, ""m__num_leaves"": 7, ""m__reg_lambda"": 10.0}"
LightGBM+labelwt,0,1,0.8923076923076924,0.694871794871795,0.7390520738172901,0.9131620048763079,0.8460928961379747,"{""m__colsample_bytree"": 0.6, ""m__learning_rate"": 0.05, ""m__min_child_samples"": 5, ""m__n_estimators"": 200, ""m__num_leaves"": 7, ""m__reg_lambda"": 10.0}"
LightGBM+labelwt,0,2,0.8750469043151972,0.694871794871795,0.9829651370565837,1.2453790625002954,0.7510607515220007,"{""m__colsample_bytree"": 0.6, ""m__learning_rate"": 0.05, ""m__min_child_samples"": 15, ""m__n_estimators"": 200, ""m__num_leaves"": 7, ""m__reg_lambda"": 1.0}"
LightGBM+labelwt,0,3,0.9108818011257037,0.7564102564102565,0.9098575596223355,1.2066547790580933,0.7749307031556709,"{""m__colsample_bytree"": 0.6, ""m__learning_rate"": 0.02, ""m__min_child_samples"": 5, ""m__n_estimators"": 400, ""m__num_leaves"": 7, ""m__reg_lambda"": 1.0}"
LightGBM+labelwt,0,4,0.84859287054409,0.6846153846153847,1.0878111310260734,1.3461588936369921,0.7022894778448574,"{""m__colsample_bytree"": 0.6, ""m__learning_rate"": 0.02, ""m__min_child_samples"": 5, ""m__n_estimators"": 400, ""m__num_leaves"": 15, ""m__reg_lambda"": 1.0}"
LightGBM+labelwt,1,0,0.8915572232645405,0.7410256410256411,0.9047925601718857,1.1125596597684893,0.7881167068446474,"{""m__colsample_bytree"": 0.6, ""m__learning_rate"": 0.05, ""m__min_child_samples"": 5, ""m__n_estimators"": 200, ""m__num_leaves"": 15, ""m__reg_lambda"": 10.0}"
LightGBM+labelwt,1,1,0.8733583489681053,0.6871794871794872,1.0031786868027106,1.219670197393642,0.7537358389232657,"{""m__colsample_bytree"": 0.6, ""m__learning_rate"": 0.02, ""m__min_child_samples"": 5, ""m__n_estimators"": 400, ""m__num_leaves"": 7, ""m__reg_lambda"": 1.0}"
LightGBM+labelwt,1,2,0.8748592870544092,0.6769230769230771,1.0631399670938033,1.3340740178976238,0.7307578552944577,"{""m__colsample_bytree"": 0.6, ""m__learning_rate"": 0.05, ""m__min_child_samples"": 5, ""m__n_estimators"": 200, ""m__num_leaves"": 7, ""m__reg_lambda"": 1.0}"
LightGBM+labelwt,1,3,0.8300187617260789,0.6461538461538462,1.089931808554625,1.3602781098501233,0.7052073646516126,"{""m__colsample_bytree"": 0.6, ""m__learning_rate"": 0.05, ""m__min_child_samples"": 5, ""m__n_estimators"": 400, ""m__num_leaves"": 7, ""m__reg_lambda"": 10.0}"
LightGBM+labelwt,1,4,0.9114446529080676,0.7589743589743589,0.7107186755343454,0.9859769259402644,0.8257969871923665,"{""m__colsample_bytree"": 0.6, ""m__learning_rate"": 0.02, ""m__min_child_samples"": 5, ""m__n_estimators"": 400, ""m__num_leaves"": 7, ""m__reg_lambda"": 10.0}"
LightGBM+labelwt,2,0,0.8489681050656662,0.6692307692307692,0.8976264399864012,1.2484267706445409,0.7112111365579892,"{""m__colsample_bytree"": 0.6, ""m__learning_rate"": 0.05, ""m__min_child_samples"": 5, ""m__n_estimators"": 200, ""m__num_leaves"": 7, ""m__reg_lambda"": 10.0}"
LightGBM+labelwt,2,1,0.9125703564727956,0.7564102564102565,0.8213493629222283,0.9971816571947792,0.8250355524686083,"{""m__colsample_bytree"": 0.6, ""m__learning_rate"": 0.02, ""m__min_child_samples"": 5, ""m__n_estimators"": 400, ""m__num_leaves"": 7, ""m__reg_lambda"": 1.0}"
LightGBM+labelwt,2,2,0.8921200750469044,0.7102564102564103,0.9345860476293533,1.2160506726078413,0.7722911703022484,"{""m__colsample_bytree"": 0.6, ""m__learning_rate"": 0.05, ""m__min_child_samples"": 5, ""m__n_estimators"": 400, ""m__num_leaves"": 7, ""m__reg_lambda"": 1.0}"
LightGBM+labelwt,2,3,0.8883677298311445,0.6974358974358975,1.0316870183428855,1.2131931278461427,0.7729001602200499,"{""m__colsample_bytree"": 0.6, ""m__learning_rate"": 0.02, ""m__min_child_samples"": 5, ""m__n_estimators"": 400, ""m__num_leaves"": 7, ""m__reg_lambda"": 1.0}"
LightGBM+labelwt,2,4,0.8470919324577861,0.6512820512820513,1.0024520908463077,1.2451319055459102,0.753431339946828,"{""m__colsample_bytree"": 0.6, ""m__learning_rate"": 0.05, ""m__min_child_samples"": 5, ""m__n_estimators"": 200, ""m__num_leaves"": 7, ""m__reg_lambda"": 1.0}"
LightGBM+labelwt,3,0,0.8544090056285178,0.6692307692307692,0.9490861907937169,1.170907241324047,0.7356805494816064,"{""m__colsample_bytree"": 0.6, ""m__learning_rate"": 0.02, ""m__min_child_samples"": 5, ""m__n_estimators"": 400, ""m__num_leaves"": 15, ""m__reg_lambda"": 1.0}"
LightGBM+labelwt,3,1,0.8472795497185742,0.6487179487179487,1.0511025804783807,1.2394225430733503,0.7238687190380875,"{""m__colsample_bytree"": 0.6, ""m__learning_rate"": 0.05, ""m__min_child_samples"": 5, ""m__n_estimators"": 400, ""m__num_leaves"": 15, ""m__reg_lambda"": 10.0}"
LightGBM+labelwt,3,2,0.9174484052532835,0.7487179487179487,0.8347773988810097,1.0535133355606208,0.8192963514805658,"{""m__colsample_bytree"": 0.6, ""m__learning_rate"": 0.02, ""m__min_child_samples"": 5, ""m__n_estimators"": 400, ""m__num_leaves"": 7, ""m__reg_lambda"": 1.0}"
LightGBM+labelwt,3,3,0.8500938086303941,0.6820512820512821,1.0182941798438812,1.3726352896536032,0.7208277628469675,"{""m__colsample_bytree"": 0.6, ""m__learning_rate"": 0.02, ""m__min_child_samples"": 5, ""m__n_estimators"": 400, ""m__num_leaves"": 7, ""m__reg_lambda"": 1.0}"
LightGBM+labelwt,3,4,0.8682926829268294,0.6692307692307692,1.1038625980669696,1.4375293182817122,0.6877622634770815,"{""m__colsample_bytree"": 0.6, ""m__learning_rate"": 0.05, ""m__min_child_samples"": 5, ""m__n_estimators"": 400, ""m__num_leaves"": 7, ""m__reg_lambda"": 1.0}"
LightGBM+labelwt,4,0,0.8446529080675422,0.6538461538461539,1.111500884874604,1.3895547917889906,0.6737874033883604,"{""m__colsample_bytree"": 0.6, ""m__learning_rate"": 0.02, ""m__min_child_samples"": 5, ""m__n_estimators"": 200, ""m__num_leaves"": 7, ""m__reg_lambda"": 1.0}"
LightGBM+labelwt,4,1,0.9061913696060038,0.7333333333333334,0.8668911816901094,1.1582857258296118,0.7759796499747613,"{""m__colsample_bytree"": 0.6, ""m__learning_rate"": 0.05, ""m__min_child_samples"": 5, ""m__n_estimators"": 200, ""m__num_leaves"": 7, ""m__reg_lambda"": 1.0}"
LightGBM+labelwt,4,2,0.8812382739212008,0.7461538461538463,0.9424298603997622,1.2810611685420483,0.7467338325260193,"{""m__colsample_bytree"": 0.6, ""m__learning_rate"": 0.05, ""m__min_child_samples"": 5, ""m__n_estimators"": 200, ""m__num_leaves"": 7, ""m__reg_lambda"": 1.0}"
LightGBM+labelwt,4,3,0.9031894934333959,0.712820512820513,1.0201418817078245,1.2305574642087476,0.7638094264376105,"{""m__colsample_bytree"": 0.6, ""m__learning_rate"": 0.05, ""m__min_child_samples"": 5, ""m__n_estimators"": 200, ""m__num_leaves"": 7, ""m__reg_lambda"": 1.0}"
LightGBM+labelwt,4,4,0.90187617260788,0.7307692307692307,0.8775102531834443,1.061413964446997,0.7954538161589171,"{""m__colsample_bytree"": 0.6, ""m__learning_rate"": 0.02, ""m__min_child_samples"": 5, ""m__n_estimators"": 400, ""m__num_leaves"": 7, ""m__reg_lambda"": 1.0}"
