model,family,overall,gated,ungated,ratio
Linear Regression,linear,2.859613642249106,8.883641168271039,1.850805204877012,4.799879071477631
Ridge,linear,2.9088686421275463,9.04606094449303,1.8811091656548573,4.8088973833392
Lasso,linear,2.8586075592918796,8.124038790927868,1.9768367788743695,4.109615360127899
SVR (RBF kernel),kernel,2.396416815888718,5.72916602948721,1.8383009188746158,3.116555059437457
Neural Net (MLP),neural,1.558307055969171,2.457064796885395,1.4077973864377458,1.7453255848859675
Decision Tree,tree,3.381065573770491,0.5074285714285716,3.862296650717703,0.1313800096981882
Random Forest,ensemble,2.102146004098366,0.5547392857142954,2.361281100478473,0.23493148935206698
Gradient Boosting,ensemble,1.5438378553740677,1.5563579308860536,1.5417411920108164,1.0094806696162624
LightGBM,ensemble,1.310190378364584,0.7658880039781354,1.4013414936924584,0.5465391608151574
